S.No.,College,Role,City type,Previous CTC,Previous job changes,Graduation marks,Exp (Months),CTC
1,Tier 1,Manager,Non-Metro,55523.00,3,66,19,71406.58
2,Tier 2,Executive,Metro,57081.00,1,84,18,68005.87
3,Tier 2,Executive,Metro,60347.00,2,52,28,76764.02
4,Tier 3,Executive,Metro,49010.00,2,81,33,82092.39
5,Tier 3,Executive,Metro,57879.00,4,74,32,73878.10
6,Tier 2,Executive,Non-Metro,54340.00,4,73,31,59950.89
7,Tier 2,Executive,Non-Metro,60298.00,1,42,46,66602.34
8,Tier 3,Executive,Non-Metro,49944.00,2,56,37,57768.44
9,Tier 1,Executive,Metro,53124.00,4,40,37,70083.30
10,Tier 3,Executive,Non-Metro,51141.00,1,47,60,85648.48
11,Tier 1,Executive,Metro,49497.00,1,50,25,74914.15
12,Tier 2,Manager,Non-Metro,50197.00,2,66,62,85219.39
13,Tier 1,Executive,Metro,63234.00,4,73,23,82910.94
14,Tier 2,Executive,Non-Metro,60059.00,2,71,56,74350.08
15,Tier 2,Manager,Metro,66487.00,1,50,27,103595.83
16,Tier 1,Executive,Metro,49292.00,4,49,19,70729.63
17,Tier 1,Executive,Non-Metro,55400.00,4,48,52,70051.94
18,Tier 1,Executive,Metro,53089.00,2,72,23,69403.49
19,Tier 1,Executive,Metro,69345.00,3,79,56,84710.53
20,Tier 1,Manager,Metro,63508.00,1,48,30,95879.94
21,Tier 1,Executive,Non-Metro,60057.00,1,61,60,73487.13
22,Tier 1,Executive,Non-Metro,52402.00,3,35,30,61597.98
23,Tier 2,Executive,Metro,60180.00,2,68,18,63119.80
24,Tier 1,Manager,Non-Metro,53422.00,4,44,34,98586.83
25,Tier 3,Executive,Metro,49857.00,3,37,37,71502.56
26,Tier 2,Executive,Non-Metro,48682.00,3,82,59,64320.67
27,Tier 1,Executive,Non-Metro,48516.00,2,37,63,77310.22
28,Tier 3,Executive,Non-Metro,54363.00,3,44,55,74825.20
29,Tier 3,Executive,Metro,39636.00,3,43,23,59230.44
30,Tier 1,Manager,Metro,65172.00,1,44,31,107138.14
31,Tier 1,Manager,Metro,58529.00,1,65,22,102763.61
32,Tier 1,Executive,Non-Metro,50011.00,2,72,18,69764.49
33,Tier 1,Executive,Non-Metro,50020.00,4,75,19,59889.14
34,Tier 3,Executive,Metro,55764.00,2,64,63,82356.41
35,Tier 1,Manager,Metro,60894.00,4,80,28,118651.89
36,Tier 3,Executive,Metro,42259.00,4,37,19,66762.27
37,Tier 3,Executive,Non-Metro,59978.00,2,75,62,79454.74
38,Tier 1,Executive,Metro,47129.00,1,41,26,66079.85
39,Tier 1,Manager,Metro,57485.00,1,77,35,103774.34
40,Tier 1,Manager,Metro,62593.00,3,71,60,112716.44
41,Tier 1,Executive,Non-Metro,48913.00,3,41,24,62819.16
42,Tier 2,Executive,Non-Metro,66101.00,4,81,31,55470.55
43,Tier 2,Executive,Metro,49622.00,2,73,41,69510.05
44,Tier 2,Executive,Non-Metro,59386.00,4,46,37,68064.76
45,Tier 1,Executive,Metro,66050.00,1,35,38,69116.93
46,Tier 1,Executive,Metro,59492.00,1,69,55,86354.84
47,Tier 1,Executive,Non-Metro,61134.00,3,72,18,60456.69
48,Tier 3,Executive,Non-Metro,61956.00,4,54,28,71791.28
49,Tier 2,Executive,Non-Metro,46086.00,4,50,60,67626.89
50,Tier 2,Manager,Metro,61481.00,3,79,36,99794.40
51,Tier 1,Executive,Non-Metro,55727.00,3,79,18,70350.79
52,Tier 3,Executive,Non-Metro,61576.00,2,73,21,58818.77
53,Tier 1,Manager,Metro,57563.00,1,64,48,86487.58
54,Tier 2,Manager,Metro,58288.00,3,84,36,92378.50
55,Tier 3,Executive,Non-Metro,55282.00,3,60,40,73281.55
56,Tier 3,Manager,Metro,66624.00,1,63,58,110438.17
57,Tier 1,Executive,Non-Metro,59443.00,3,52,58,67485.10
58,Tier 2,Manager,Metro,51937.00,3,64,18,92518.37
59,Tier 2,Manager,Non-Metro,46477.00,3,37,53,72977.63
60,Tier 3,Executive,Non-Metro,62470.00,3,60,34,64770.75
61,Tier 1,Executive,Metro,51123.00,2,52,43,74845.87
62,Tier 2,Executive,Metro,56301.00,3,58,25,59913.31
63,Tier 3,Executive,Metro,46670.00,1,69,64,95961.18
64,Tier 3,Executive,Non-Metro,54375.00,2,82,28,60766.38
65,Tier 3,Manager,Non-Metro,45227.00,4,40,20,69193.96
66,Tier 1,Executive,Non-Metro,50787.00,4,81,19,66433.40
67,Tier 1,Executive,Non-Metro,62919.00,3,42,61,73410.95
68,Tier 3,Executive,Metro,51770.00,3,45,40,68447.63
69,Tier 2,Executive,Non-Metro,60123.00,1,47,40,60185.40
70,Tier 2,Manager,Metro,51002.00,4,41,28,76765.02
71,Tier 2,Manager,Non-Metro,46940.00,1,69,27,70157.03
72,Tier 1,Executive,Metro,49905.00,4,66,31,75297.34
73,Tier 1,Executive,Non-Metro,51505.00,2,55,53,76960.48
74,Tier 2,Executive,Metro,52474.00,3,79,58,76204.89
75,Tier 1,Executive,Metro,49172.00,2,57,44,63782.20
76,Tier 3,Executive,Metro,56916.00,3,42,57,69415.11
77,Tier 2,Executive,Non-Metro,59386.00,1,38,29,64472.36
78,Tier 2,Executive,Metro,55748.00,3,84,21,60815.42
79,Tier 1,Executive,Non-Metro,65574.00,2,83,22,55902.83
80,Tier 3,Executive,Non-Metro,58541.00,4,79,41,64468.29
81,Tier 1,Executive,Metro,50672.00,4,79,31,76093.36
82,Tier 1,Executive,Non-Metro,68071.00,1,70,45,81430.49
83,Tier 2,Manager,Metro,58815.00,4,71,22,106165.08
84,Tier 3,Executive,Non-Metro,62493.00,3,74,48,67374.71
85,Tier 1,Manager,Non-Metro,60182.00,4,59,37,103574.45
86,Tier 3,Manager,Metro,42941.00,1,49,45,74191.43
87,Tier 3,Manager,Non-Metro,55505.00,2,40,57,100887.85
88,Tier 1,Executive,Non-Metro,54114.00,3,82,56,78715.16
89,Tier 3,Executive,Non-Metro,57670.00,1,41,46,70686.71
90,Tier 3,Executive,Non-Metro,54361.00,2,68,55,73231.75
91,Tier 2,Executive,Non-Metro,67083.00,4,39,21,66296.73
92,Tier 3,Executive,Non-Metro,52483.00,2,65,53,71738.23
93,Tier 1,Manager,Metro,55581.00,4,49,59,99551.34
94,Tier 3,Executive,Metro,62243.00,1,41,35,75903.42
95,Tier 1,Manager,Non-Metro,59293.00,1,81,64,105308.78
96,Tier 2,Executive,Non-Metro,59707.00,3,70,28,56003.61
97,Tier 1,Executive,Non-Metro,57726.00,4,84,54,68673.29
98,Tier 2,Executive,Metro,58401.00,4,45,55,76028.50
99,Tier 1,Manager,Metro,41228.00,2,64,56,87418.05
100,Tier 1,Manager,Metro,40945.00,1,46,38,74984.02
101,Tier 1,Executive,Non-Metro,54794.00,4,47,41,66591.29
102,Tier 1,Executive,Metro,51692.00,2,57,30,72088.04
103,Tier 1,Executive,Non-Metro,52305.00,1,35,18,78521.17
104,Tier 2,Manager,Non-Metro,56680.00,4,63,61,85688.72
105,Tier 1,Executive,Non-Metro,52300.00,4,52,34,66657.86
106,Tier 3,Manager,Metro,56710.00,2,47,20,67879.02
107,Tier 1,Executive,Non-Metro,51351.00,1,69,19,60069.68
108,Tier 3,Executive,Metro,51022.00,2,55,26,67820.31
109,Tier 2,Executive,Metro,52096.00,3,37,29,65685.02
110,Tier 2,Manager,Metro,59099.00,2,67,63,103305.30
111,Tier 3,Executive,Metro,57677.00,4,77,54,76671.69
112,Tier 1,Executive,Non-Metro,59343.00,3,85,55,76577.99
113,Tier 1,Executive,Metro,54767.00,1,35,37,66693.98
114,Tier 3,Executive,Non-Metro,60869.00,1,77,21,60125.97
115,Tier 1,Executive,Metro,53949.00,4,81,52,80042.11
116,Tier 1,Executive,Metro,48707.00,4,77,60,97106.11
117,Tier 2,Executive,Metro,77911.00,1,50,58,87831.62
118,Tier 2,Manager,Non-Metro,54183.00,1,40,29,70630.95
119,Tier 2,Executive,Non-Metro,51099.00,3,71,49,67516.63
120,Tier 3,Executive,Non-Metro,51591.00,1,79,37,67573.29
121,Tier 1,Executive,Metro,61057.00,1,41,44,80714.79
122,Tier 1,Executive,Metro,48280.00,4,79,18,75430.51
123,Tier 3,Executive,Non-Metro,57606.00,4,78,20,54071.79
124,Tier 1,Manager,Metro,55440.00,4,72,44,112826.26
125,Tier 3,Executive,Non-Metro,54055.00,1,63,47,60944.33
126,Tier 1,Executive,Non-Metro,49862.00,3,82,26,65065.52
127,Tier 1,Manager,Non-Metro,56204.00,2,65,19,82667.77
128,Tier 1,Executive,Non-Metro,65161.00,2,41,52,82517.59
129,Tier 3,Manager,Non-Metro,42143.00,3,38,32,88208.37
130,Tier 1,Executive,Metro,57924.00,4,62,38,68023.41
131,Tier 1,Executive,Non-Metro,48755.00,2,69,59,73464.75
132,Tier 1,Executive,Non-Metro,50926.00,3,83,61,77222.00
133,Tier 1,Executive,Non-Metro,65158.00,3,67,53,67163.57
134,Tier 3,Executive,Metro,46073.00,4,73,19,59241.32
135,Tier 1,Executive,Non-Metro,53110.00,4,43,20,72322.79
136,Tier 2,Executive,Non-Metro,50180.00,1,41,22,55226.53
137,Tier 1,Executive,Metro,61124.00,3,64,19,73417.07
138,Tier 3,Executive,Metro,54583.00,3,82,22,63534.87
139,Tier 2,Executive,Non-Metro,52400.00,3,72,54,90774.04
140,Tier 1,Executive,Non-Metro,64264.00,1,51,22,77666.95
141,Tier 1,Executive,Metro,44197.00,3,52,34,95868.30
142,Tier 1,Executive,Metro,56273.00,1,75,26,74544.57
143,Tier 2,Manager,Metro,47481.00,4,42,34,77150.63
144,Tier 3,Executive,Metro,58053.00,1,53,29,86298.82
145,Tier 3,Manager,Metro,58071.00,4,76,30,74697.64
146,Tier 2,Executive,Non-Metro,66845.00,1,60,29,58695.65
147,Tier 3,Manager,Metro,60396.00,3,72,46,96190.72
148,Tier 2,Executive,Non-Metro,67056.00,3,55,51,63582.13
149,Tier 3,Executive,Non-Metro,63823.00,4,39,53,61586.14
150,Tier 1,Executive,Metro,49475.00,3,71,19,75037.68
151,Tier 3,Executive,Metro,50330.00,3,80,35,61282.09
152,Tier 2,Executive,Metro,57858.00,4,43,48,71522.23
153,Tier 1,Executive,Non-Metro,61627.00,3,58,32,74596.33
154,Tier 1,Manager,Non-Metro,49733.00,1,76,42,77168.22
155,Tier 1,Executive,Non-Metro,55308.00,2,36,40,75028.75
156,Tier 3,Executive,Metro,66048.00,4,80,44,76619.74
157,Tier 2,Manager,Metro,49405.00,1,63,48,75910.11
158,Tier 1,Manager,Metro,49810.00,1,47,18,73056.77
159,Tier 2,Manager,Metro,56330.00,4,46,30,94478.70
160,Tier 2,Executive,Non-Metro,56485.00,2,36,50,69960.25
161,Tier 3,Manager,Non-Metro,47053.00,2,46,42,67407.05
162,Tier 2,Manager,Non-Metro,64179.00,4,74,18,97119.39
163,Tier 1,Executive,Metro,60385.00,4,78,54,83984.48
164,Tier 1,Executive,Non-Metro,50963.00,2,45,32,76385.23
165,Tier 3,Executive,Metro,50024.00,1,77,37,66216.70
166,Tier 1,Executive,Metro,50334.00,2,36,47,82526.93
167,Tier 1,Executive,Non-Metro,61054.00,3,68,20,74459.25
168,Tier 3,Executive,Non-Metro,58629.00,3,39,32,62936.70
169,Tier 3,Executive,Non-Metro,52519.00,2,45,19,59425.89
170,Tier 1,Executive,Metro,46993.00,3,50,27,69437.63
171,Tier 2,Executive,Metro,67559.00,4,45,63,72083.49
172,Tier 1,Executive,Metro,55944.00,2,53,49,69163.36
173,Tier 1,Executive,Metro,38709.00,3,56,18,72747.12
174,Tier 1,Executive,Non-Metro,61130.00,3,58,35,66726.94
175,Tier 3,Executive,Non-Metro,54941.00,2,50,24,57067.63
176,Tier 1,Manager,Non-Metro,58639.00,2,46,63,109108.12
177,Tier 3,Executive,Metro,52098.00,2,84,38,73831.46
178,Tier 1,Executive,Metro,53618.00,2,52,54,79031.20
179,Tier 1,Executive,Non-Metro,57261.00,4,62,46,77631.46
180,Tier 1,Executive,Non-Metro,53158.00,4,66,41,78524.15
181,Tier 3,Executive,Metro,53511.00,1,84,58,70856.24
182,Tier 2,Executive,Non-Metro,58408.00,2,56,18,61042.81
183,Tier 1,Executive,Metro,46722.00,2,49,22,66407.61
184,Tier 3,Executive,Non-Metro,49331.00,1,78,44,71632.13
185,Tier 2,Executive,Metro,53717.00,2,41,44,78002.78
186,Tier 1,Manager,Metro,70258.00,4,38,36,115126.75
187,Tier 2,Executive,Non-Metro,53186.00,3,62,26,58559.16
188,Tier 1,Executive,Non-Metro,59273.00,1,80,30,62275.25
189,Tier 1,Executive,Non-Metro,59466.00,3,45,41,73749.44
190,Tier 3,Executive,Non-Metro,55639.00,1,40,29,55927.32
191,Tier 2,Executive,Metro,61138.00,3,68,61,67174.81
192,Tier 1,Executive,Non-Metro,47831.00,4,74,36,70249.63
193,Tier 2,Executive,Metro,51919.00,4,82,25,69896.22
194,Tier 3,Executive,Non-Metro,49310.00,1,47,56,68123.80
195,Tier 2,Executive,Metro,61973.00,1,51,18,56131.76
196,Tier 3,Executive,Metro,52475.00,3,39,19,63426.48
197,Tier 1,Executive,Non-Metro,62262.00,3,43,39,68762.60
198,Tier 2,Executive,Non-Metro,49159.00,3,57,45,65693.05
199,Tier 3,Executive,Non-Metro,44451.00,1,65,51,59721.74
200,Tier 1,Executive,Non-Metro,64873.00,3,48,64,85224.19
201,Tier 3,Executive,Non-Metro,55261.00,1,36,19,53356.72
202,Tier 2,Executive,Non-Metro,53405.00,1,46,48,67405.54
203,Tier 3,Executive,Non-Metro,48982.00,3,77,60,73639.06
204,Tier 2,Manager,Non-Metro,60286.00,1,73,27,91956.84
205,Tier 1,Executive,Metro,44712.00,2,49,46,76451.55
206,Tier 1,Executive,Non-Metro,49882.00,2,57,28,64100.13
207,Tier 2,Executive,Metro,46791.00,3,59,59,78379.79
208,Tier 1,Manager,Metro,52585.00,3,78,35,77592.94
209,Tier 1,Executive,Non-Metro,59130.00,1,79,63,70314.89
210,Tier 1,Executive,Metro,63061.00,4,36,40,72339.71
211,Tier 1,Executive,Metro,55293.00,4,39,20,75774.95
212,Tier 3,Executive,Metro,54222.00,4,40,40,71232.98
213,Tier 3,Executive,Metro,48720.00,3,66,24,61022.27
214,Tier 2,Executive,Non-Metro,49971.00,2,77,34,69437.41
215,Tier 1,Executive,Non-Metro,58774.00,4,70,45,73028.67
216,Tier 1,Executive,Non-Metro,59781.00,1,46,41,76811.45
217,Tier 3,Executive,Non-Metro,54690.00,3,71,53,65923.72
218,Tier 2,Executive,Metro,43494.00,1,60,27,68676.93
219,Tier 2,Executive,Non-Metro,54356.00,1,69,26,67766.33
220,Tier 2,Executive,Non-Metro,44261.00,4,64,24,75535.50
221,Tier 1,Executive,Non-Metro,61570.00,3,74,34,75762.91
222,Tier 1,Executive,Non-Metro,59600.00,3,52,53,75588.76
223,Tier 1,Executive,Metro,52971.00,2,56,32,70086.07
224,Tier 1,Manager,Metro,57963.00,2,60,19,96125.18
225,Tier 2,Manager,Metro,44781.00,2,75,42,80753.62
226,Tier 2,Executive,Metro,62903.00,4,82,55,71048.24
227,Tier 2,Executive,Metro,58282.00,4,78,28,71454.90
228,Tier 2,Executive,Non-Metro,66411.00,1,47,58,87222.87
229,Tier 1,Executive,Non-Metro,58109.00,4,44,41,75683.99
230,Tier 1,Executive,Metro,51572.00,4,35,47,78834.20
231,Tier 3,Executive,Non-Metro,63031.00,1,48,42,72943.91
232,Tier 2,Executive,Non-Metro,54081.00,1,42,59,66774.11
233,Tier 1,Executive,Non-Metro,45676.00,4,81,19,58845.40
234,Tier 1,Executive,Metro,52116.00,2,60,59,75689.83
235,Tier 3,Executive,Metro,46127.00,1,56,39,68623.41
236,Tier 2,Manager,Non-Metro,48343.00,3,78,40,68392.67
237,Tier 2,Executive,Non-Metro,56666.00,3,47,18,53730.63
238,Tier 2,Executive,Metro,67170.00,4,55,31,69913.11
239,Tier 3,Manager,Metro,51096.00,3,70,19,80820.27
240,Tier 2,Executive,Metro,64120.00,2,35,44,71001.53
241,Tier 1,Manager,Non-Metro,59001.00,2,81,23,89974.05
242,Tier 1,Executive,Non-Metro,45187.00,3,74,33,71161.34
243,Tier 1,Executive,Non-Metro,53027.00,4,69,55,106846.34
244,Tier 1,Executive,Metro,55858.00,4,47,40,77673.29
245,Tier 1,Manager,Non-Metro,49074.00,3,58,63,84287.39
246,Tier 3,Executive,Metro,54121.00,3,51,54,84320.29
247,Tier 2,Executive,Non-Metro,61285.00,3,44,60,77283.59
248,Tier 2,Executive,Metro,63140.00,1,44,24,68416.86
249,Tier 1,Executive,Metro,44907.00,1,60,19,70186.19
250,Tier 1,Executive,Metro,52054.00,2,67,29,73394.09
251,Tier 1,Manager,Metro,44353.00,3,75,18,70056.31
252,Tier 1,Manager,Non-Metro,54987.00,3,69,63,111873.30
253,Tier 2,Manager,Metro,54808.00,2,51,54,101785.04
254,Tier 1,Executive,Metro,58153.00,3,55,27,76298.90
255,Tier 1,Manager,Metro,51912.00,2,66,50,113141.14
256,Tier 1,Executive,Non-Metro,51735.00,1,67,55,71890.09
257,Tier 3,Manager,Metro,55928.00,4,75,56,108750.87
258,Tier 2,Executive,Non-Metro,61132.00,1,72,38,68120.03
259,Tier 3,Executive,Metro,47560.00,4,70,51,67760.38
260,Tier 3,Manager,Metro,53080.00,3,68,19,97151.38
261,Tier 1,Executive,Non-Metro,46136.00,1,73,58,81234.60
262,Tier 2,Manager,Non-Metro,54869.00,2,76,20,72296.79
263,Tier 1,Manager,Metro,53471.00,3,58,52,82735.40
264,Tier 3,Manager,Metro,66355.00,1,81,19,99815.96
265,Tier 2,Executive,Non-Metro,62836.00,4,41,53,72755.38
266,Tier 2,Manager,Metro,70468.00,2,38,46,111172.92
267,Tier 2,Manager,Metro,45743.00,4,45,40,80222.50
268,Tier 1,Executive,Non-Metro,54083.00,3,83,59,70531.82
269,Tier 1,Executive,Metro,50573.00,3,60,45,70207.24
270,Tier 1,Executive,Metro,46637.00,4,46,49,66843.75
271,Tier 2,Executive,Metro,50393.00,4,55,18,60213.58
272,Tier 1,Manager,Metro,63916.00,1,70,50,105334.50
273,Tier 3,Executive,Metro,62911.00,3,65,41,65659.69
274,Tier 1,Executive,Metro,56876.00,1,35,50,83092.16
275,Tier 3,Executive,Metro,54032.00,1,38,25,66571.17
276,Tier 1,Executive,Non-Metro,52888.00,4,76,47,78083.21
277,Tier 3,Executive,Metro,43457.00,1,74,19,62954.41
278,Tier 1,Executive,Non-Metro,51281.00,3,55,22,66298.70
279,Tier 2,Executive,Metro,54806.00,2,57,59,82475.16
280,Tier 2,Executive,Non-Metro,49646.00,1,59,51,74374.60
281,Tier 1,Manager,Non-Metro,52883.00,1,55,40,78949.12
282,Tier 1,Manager,Metro,68419.00,4,46,54,106418.32
283,Tier 1,Executive,Metro,50242.00,4,71,30,70060.23
284,Tier 1,Executive,Non-Metro,57133.00,3,72,55,77111.81
285,Tier 1,Executive,Non-Metro,52065.00,4,80,52,68439.79
286,Tier 2,Executive,Metro,53490.00,2,72,46,68607.86
287,Tier 1,Executive,Non-Metro,68539.00,3,51,46,76839.09
288,Tier 3,Executive,Non-Metro,48471.00,1,52,63,70363.67
289,Tier 1,Manager,Non-Metro,59759.00,4,67,59,104376.58
290,Tier 2,Executive,Metro,48380.00,2,76,52,83078.61
291,Tier 1,Executive,Non-Metro,56990.00,3,85,28,72326.83
292,Tier 1,Executive,Metro,51090.00,3,80,29,88238.24
293,Tier 2,Manager,Metro,74198.00,1,57,25,99644.51
294,Tier 2,Executive,Non-Metro,49883.00,2,83,22,60621.48
295,Tier 1,Executive,Metro,54757.00,1,70,25,81168.14
296,Tier 1,Executive,Metro,47031.00,1,77,18,69525.73
297,Tier 1,Manager,Metro,50737.00,3,59,19,80080.39
298,Tier 2,Manager,Metro,51867.00,3,71,47,82688.35
299,Tier 3,Manager,Metro,55886.00,1,59,31,96427.67
300,Tier 3,Executive,Non-Metro,58056.00,2,35,48,69477.19
301,Tier 1,Executive,Metro,53101.00,4,70,36,74538.40
302,Tier 1,Manager,Non-Metro,48782.00,4,48,53,79584.68
303,Tier 2,Executive,Non-Metro,61585.00,1,43,56,74831.10
304,Tier 2,Executive,Non-Metro,59979.00,4,75,28,58131.91
305,Tier 1,Executive,Non-Metro,63899.00,1,56,57,84743.00
306,Tier 3,Executive,Metro,54798.00,1,54,29,75534.40
307,Tier 1,Executive,Non-Metro,54744.00,4,78,28,81481.56
308,Tier 2,Executive,Non-Metro,58383.00,2,46,30,69300.19
309,Tier 1,Executive,Metro,58709.00,4,85,58,90313.75
310,Tier 3,Executive,Non-Metro,54126.00,2,43,41,73396.24
311,Tier 1,Executive,Metro,52976.00,4,50,50,70039.59
312,Tier 1,Executive,Non-Metro,50339.00,2,60,19,70424.37
313,Tier 2,Manager,Metro,61609.00,2,74,43,91694.57
314,Tier 2,Executive,Metro,63395.00,1,66,49,74782.68
315,Tier 1,Manager,Non-Metro,61270.00,2,73,27,102262.82
316,Tier 1,Executive,Metro,61862.00,4,51,52,79093.55
317,Tier 3,Executive,Metro,60695.00,1,62,50,70326.56
318,Tier 1,Executive,Metro,59922.00,3,42,54,86260.00
319,Tier 3,Executive,Non-Metro,53748.00,2,74,44,63434.77
320,Tier 1,Executive,Metro,62196.00,2,69,32,66943.01
321,Tier 3,Executive,Metro,52827.00,2,43,34,65127.58
322,Tier 1,Executive,Non-Metro,56003.00,1,68,26,79572.91
323,Tier 1,Manager,Metro,60107.00,3,40,34,108959.68
324,Tier 1,Executive,Metro,67292.00,3,46,57,75485.17
325,Tier 1,Executive,Metro,49605.00,4,58,29,66564.34
326,Tier 1,Executive,Metro,63647.00,3,50,40,77855.11
327,Tier 2,Executive,Non-Metro,48581.00,4,69,27,58157.33
328,Tier 3,Manager,Metro,63334.00,1,71,45,94904.92
329,Tier 1,Manager,Non-Metro,62264.00,2,52,64,114996.23
330,Tier 1,Executive,Metro,61180.00,1,53,52,84453.82
331,Tier 1,Manager,Non-Metro,63370.00,1,38,61,112185.30
332,Tier 3,Manager,Metro,52121.00,4,64,52,85433.78
333,Tier 3,Executive,Non-Metro,58782.00,4,81,61,71725.42
334,Tier 1,Executive,Non-Metro,52717.00,3,81,56,69686.43
335,Tier 1,Executive,Non-Metro,65291.00,2,51,43,87624.82
336,Tier 1,Executive,Metro,62820.00,3,62,64,75366.41
337,Tier 2,Executive,Metro,55219.00,3,36,60,69293.67
338,Tier 3,Executive,Metro,50637.00,4,81,62,72653.54
339,Tier 1,Manager,Metro,56777.00,3,72,50,101676.27
340,Tier 2,Executive,Non-Metro,48367.00,2,82,46,64602.94
341,Tier 1,Executive,Non-Metro,50440.00,4,49,24,84891.91
342,Tier 3,Executive,Metro,56640.00,4,59,62,80912.22
343,Tier 1,Executive,Non-Metro,52862.00,4,38,60,75668.60
344,Tier 1,Executive,Metro,66238.00,4,37,63,87865.95
345,Tier 2,Executive,Non-Metro,63067.00,2,41,49,72570.68
346,Tier 2,Executive,Non-Metro,50768.00,4,65,34,63243.71
347,Tier 2,Executive,Metro,62897.00,2,57,33,64127.09
348,Tier 1,Executive,Metro,56970.00,3,43,46,81291.41
349,Tier 2,Executive,Non-Metro,50145.00,2,57,36,58437.39
350,Tier 3,Executive,Metro,57744.00,3,71,19,68804.22
351,Tier 3,Executive,Non-Metro,50546.00,2,70,57,65555.15
352,Tier 1,Executive,Non-Metro,49630.00,3,39,50,78953.09
353,Tier 1,Executive,Non-Metro,49201.00,1,75,30,71665.52
354,Tier 1,Executive,Metro,59672.00,1,41,33,78716.54
355,Tier 2,Executive,Non-Metro,65360.00,4,85,18,67305.64
356,Tier 1,Executive,Metro,56630.00,4,78,46,91874.27
357,Tier 2,Executive,Metro,66225.00,2,52,46,68828.39
358,Tier 3,Executive,Metro,50905.00,1,51,47,71592.06
359,Tier 2,Executive,Metro,70139.00,3,57,23,69655.87
360,Tier 2,Executive,Non-Metro,50225.00,3,78,18,55965.32
361,Tier 1,Executive,Non-Metro,58491.00,1,82,48,77992.00
362,Tier 1,Executive,Metro,54429.00,3,73,35,67723.64
363,Tier 1,Manager,Non-Metro,48660.00,4,40,19,69552.90
364,Tier 1,Executive,Non-Metro,54944.00,4,52,21,71319.69
365,Tier 2,Executive,Non-Metro,45569.00,1,45,21,61314.49
366,Tier 1,Executive,Non-Metro,54688.00,3,72,49,77659.80
367,Tier 1,Executive,Non-Metro,55031.00,3,38,56,79567.50
368,Tier 3,Executive,Non-Metro,47800.00,3,51,42,64852.24
369,Tier 3,Executive,Metro,53525.00,3,76,44,76874.67
370,Tier 1,Executive,Metro,58158.00,4,52,18,74609.27
371,Tier 3,Executive,Non-Metro,45831.00,4,50,61,67830.32
372,Tier 1,Executive,Non-Metro,49068.00,3,38,57,76946.27
373,Tier 1,Executive,Non-Metro,59055.00,1,62,42,74170.88
374,Tier 1,Manager,Metro,56061.00,1,50,26,89914.73
375,Tier 2,Executive,Metro,54739.00,1,41,20,57101.04
376,Tier 3,Manager,Non-Metro,48909.00,1,63,23,72988.31
377,Tier 1,Manager,Non-Metro,53938.00,1,61,39,75465.42
378,Tier 2,Manager,Metro,64117.00,4,77,24,98229.46
379,Tier 3,Executive,Non-Metro,53523.00,1,61,64,75104.22
380,Tier 2,Executive,Metro,54533.00,1,68,62,94600.05
381,Tier 1,Manager,Non-Metro,41686.00,2,52,27,71243.97
382,Tier 1,Manager,Metro,52894.00,2,43,55,101285.30
383,Tier 2,Executive,Metro,54634.00,2,76,55,78275.87
384,Tier 2,Executive,Non-Metro,71502.00,4,49,35,74600.09
385,Tier 1,Executive,Metro,49626.00,3,59,44,72344.51
386,Tier 1,Executive,Metro,64324.00,4,74,19,71994.50
387,Tier 2,Executive,Non-Metro,62778.00,1,51,58,77589.36
388,Tier 3,Executive,Metro,52970.00,1,49,50,90017.28
389,Tier 3,Executive,Non-Metro,45893.00,4,75,26,65271.68
390,Tier 3,Executive,Non-Metro,50488.00,2,59,24,66640.89
391,Tier 1,Executive,Metro,60137.00,4,65,48,89189.31
392,Tier 3,Executive,Non-Metro,57816.00,4,66,19,59189.52
393,Tier 1,Executive,Metro,51943.00,1,62,48,69695.94
394,Tier 1,Executive,Metro,59544.00,3,51,49,70404.00
395,Tier 1,Executive,Non-Metro,61499.00,2,76,46,64944.99
396,Tier 3,Executive,Metro,41294.00,1,39,46,71733.25
397,Tier 1,Executive,Non-Metro,58538.00,1,75,43,76807.18
398,Tier 2,Executive,Metro,57406.00,2,61,21,84235.74
399,Tier 1,Executive,Metro,50528.00,1,68,64,74927.63
400,Tier 2,Executive,Non-Metro,61700.00,4,36,18,66204.58
401,Tier 1,Executive,Non-Metro,47270.00,1,51,51,68331.12
402,Tier 2,Executive,Metro,69065.00,1,76,47,80932.58
403,Tier 3,Executive,Non-Metro,60257.00,4,39,64,82519.16
404,Tier 3,Executive,Metro,61079.00,1,79,49,77040.51
405,Tier 1,Executive,Metro,42108.00,3,49,31,72612.42
406,Tier 1,Executive,Non-Metro,63977.00,4,63,52,84692.16
407,Tier 2,Executive,Non-Metro,45174.00,3,61,33,65377.42
408,Tier 1,Executive,Non-Metro,52699.00,3,69,47,69660.75
409,Tier 2,Executive,Metro,42512.00,2,80,38,69717.83
410,Tier 2,Executive,Metro,55176.00,3,75,32,57008.66
411,Tier 3,Executive,Metro,38605.00,1,38,19,69365.78
412,Tier 1,Manager,Non-Metro,46677.00,1,39,44,77774.74
413,Tier 1,Manager,Non-Metro,45778.00,1,71,26,79016.85
414,Tier 1,Executive,Metro,43939.00,2,39,25,74387.54
415,Tier 3,Executive,Non-Metro,56398.00,4,57,19,68191.78
416,Tier 2,Executive,Non-Metro,55835.00,2,42,43,60230.16
417,Tier 2,Executive,Metro,63076.00,2,76,52,73796.54
418,Tier 1,Manager,Non-Metro,42990.00,4,69,36,72310.20
419,Tier 2,Executive,Metro,65196.00,4,57,64,81015.32
420,Tier 3,Manager,Non-Metro,52971.00,3,38,63,81697.60
421,Tier 2,Manager,Metro,59430.00,4,54,64,104243.15
422,Tier 2,Manager,Metro,60711.00,1,65,61,101556.34
423,Tier 1,Manager,Metro,55375.00,1,68,40,106794.93
424,Tier 1,Executive,Metro,52454.00,4,73,25,71600.02
425,Tier 1,Executive,Metro,58185.00,3,83,48,81949.56
426,Tier 2,Executive,Metro,47925.00,1,36,45,73749.23
427,Tier 1,Executive,Non-Metro,47421.00,2,53,38,71375.68
428,Tier 1,Executive,Non-Metro,51533.00,3,61,18,72477.67
429,Tier 1,Executive,Non-Metro,36990.00,2,43,21,65008.02
430,Tier 3,Executive,Non-Metro,56116.00,1,67,27,84698.85
431,Tier 1,Executive,Metro,62878.00,2,47,19,97088.21
432,Tier 3,Executive,Non-Metro,42736.00,3,64,29,60591.81
433,Tier 1,Executive,Metro,55608.00,1,78,42,70832.23
434,Tier 1,Executive,Non-Metro,59842.00,4,46,60,71889.51
435,Tier 3,Executive,Metro,56444.00,3,45,31,73635.67
436,Tier 2,Executive,Metro,53316.00,1,48,60,70999.92
437,Tier 1,Executive,Metro,53856.00,2,75,22,66756.42
438,Tier 1,Executive,Metro,54873.00,2,58,35,72489.65
439,Tier 2,Executive,Non-Metro,68315.00,3,79,52,81832.10
440,Tier 1,Executive,Metro,52544.00,1,42,26,73939.42
441,Tier 3,Executive,Non-Metro,57189.00,3,47,31,66790.50
442,Tier 1,Manager,Non-Metro,57695.00,2,55,33,96600.42
443,Tier 2,Executive,Metro,68011.00,2,70,18,53020.32
444,Tier 2,Executive,Non-Metro,64691.00,2,44,59,80588.67
445,Tier 3,Manager,Metro,53910.00,3,75,56,90228.63
446,Tier 1,Executive,Non-Metro,60907.00,2,57,45,79263.09
447,Tier 1,Executive,Metro,54327.00,2,64,60,88561.51
448,Tier 3,Executive,Non-Metro,46538.00,1,53,56,62424.16
449,Tier 1,Executive,Non-Metro,52796.00,2,79,40,65442.63
450,Tier 1,Executive,Metro,64231.00,1,75,35,66671.19
451,Tier 1,Executive,Metro,59444.00,3,59,39,76341.13
452,Tier 3,Executive,Metro,49831.00,3,63,30,73782.54
453,Tier 1,Executive,Metro,45913.00,3,75,24,69436.17
454,Tier 3,Executive,Metro,52310.00,4,47,20,56862.74
455,Tier 2,Executive,Metro,69868.00,4,55,32,79427.58
456,Tier 1,Executive,Metro,60939.00,1,74,59,91681.45
457,Tier 2,Executive,Non-Metro,57469.00,3,45,55,77103.63
458,Tier 3,Executive,Non-Metro,52571.00,3,72,57,66313.95
459,Tier 1,Executive,Metro,67425.00,1,59,56,82675.11
460,Tier 2,Executive,Non-Metro,59817.00,1,78,40,67427.14
461,Tier 2,Executive,Non-Metro,65657.00,3,83,49,76090.01
462,Tier 1,Manager,Metro,50292.00,1,49,42,85106.53
463,Tier 1,Executive,Non-Metro,60081.00,2,41,62,75901.99
464,Tier 1,Executive,Metro,52897.00,4,49,56,82030.46
465,Tier 3,Executive,Metro,52642.00,1,84,19,63601.24
466,Tier 2,Manager,Non-Metro,50843.00,3,45,30,67351.02
467,Tier 1,Executive,Non-Metro,56192.00,2,50,60,81955.26
468,Tier 3,Executive,Non-Metro,58100.00,4,67,56,67700.67
469,Tier 1,Executive,Non-Metro,47928.00,3,83,28,92828.33
470,Tier 2,Executive,Non-Metro,50000.00,4,37,18,64431.37
471,Tier 2,Executive,Metro,59968.00,3,85,27,55221.36
472,Tier 1,Executive,Non-Metro,57102.00,3,49,18,66958.60
473,Tier 1,Executive,Non-Metro,51617.00,3,47,19,71871.01
474,Tier 1,Executive,Non-Metro,57304.00,2,85,47,93477.17
475,Tier 1,Manager,Metro,53736.00,4,45,54,79771.46
476,Tier 3,Manager,Metro,51073.00,2,45,61,86575.65
477,Tier 1,Manager,Metro,50138.00,3,70,24,95813.53
478,Tier 3,Executive,Metro,63654.00,2,56,25,75793.14
479,Tier 2,Executive,Metro,57408.00,1,83,21,56636.90
480,Tier 2,Executive,Metro,55569.00,4,69,23,65668.72
481,Tier 3,Executive,Metro,63988.00,2,79,63,80614.98
482,Tier 2,Executive,Metro,61721.00,2,45,49,70220.52
483,Tier 2,Executive,Non-Metro,59669.00,2,81,18,53921.11
484,Tier 1,Executive,Non-Metro,65851.00,2,60,51,75572.88
485,Tier 1,Executive,Metro,62411.00,4,42,48,77207.70
486,Tier 1,Executive,Non-Metro,55412.00,1,68,31,60710.06
487,Tier 3,Executive,Non-Metro,43715.00,1,78,54,75143.25
488,Tier 1,Executive,Metro,54231.00,1,62,19,76382.82
489,Tier 2,Manager,Non-Metro,64433.00,3,46,44,111735.76
490,Tier 3,Executive,Metro,55232.00,1,80,53,65540.32
491,Tier 1,Executive,Non-Metro,61583.00,3,52,19,67531.15
492,Tier 2,Executive,Non-Metro,46532.00,2,83,61,75598.32
493,Tier 1,Executive,Non-Metro,53540.00,1,67,18,69264.00
494,Tier 1,Executive,Metro,64566.00,3,81,61,89477.54
495,Tier 1,Manager,Metro,48681.00,4,81,21,82925.12
496,Tier 1,Executive,Metro,56554.00,1,74,20,76083.30
497,Tier 1,Executive,Non-Metro,51206.00,3,53,31,68596.74
498,Tier 1,Executive,Metro,52435.00,1,55,45,74170.13
499,Tier 2,Executive,Non-Metro,50155.00,4,39,44,59306.19
500,Tier 1,Executive,Non-Metro,64187.00,4,39,62,67432.59
501,Tier 1,Manager,Metro,59413.00,1,82,29,95450.98
502,Tier 1,Executive,Metro,46707.00,3,47,43,72730.05
503,Tier 2,Manager,Metro,47277.00,3,59,51,83631.77
504,Tier 2,Manager,Metro,58500.00,2,35,19,96401.16
505,Tier 2,Executive,Non-Metro,57730.00,3,77,38,64151.37
506,Tier 3,Executive,Metro,51923.00,2,62,37,78114.29
507,Tier 3,Executive,Metro,51612.00,2,37,22,60924.86
508,Tier 3,Executive,Metro,43980.00,3,77,21,71338.39
509,Tier 1,Executive,Non-Metro,45394.00,4,60,24,65139.49
510,Tier 1,Executive,Non-Metro,55176.00,4,35,57,69100.46
511,Tier 1,Executive,Metro,56245.00,2,45,56,86927.86
512,Tier 2,Executive,Metro,59043.00,2,49,27,69219.33
513,Tier 1,Executive,Metro,48766.00,4,37,51,73707.10
514,Tier 1,Executive,Metro,58626.00,4,61,19,76788.27
515,Tier 1,Manager,Metro,52001.00,2,49,39,85600.10
516,Tier 1,Executive,Metro,59352.00,4,43,58,85744.04
517,Tier 2,Executive,Metro,64052.00,3,52,20,91330.57
518,Tier 3,Executive,Metro,57344.00,4,38,45,68928.96
519,Tier 1,Executive,Non-Metro,54246.00,1,64,35,71387.98
520,Tier 1,Executive,Metro,51942.00,3,44,31,66988.10
521,Tier 1,Executive,Non-Metro,56726.00,2,58,50,92894.44
522,Tier 2,Executive,Non-Metro,67851.00,3,37,32,67278.35
523,Tier 1,Executive,Non-Metro,62959.00,3,49,51,79975.83
524,Tier 2,Executive,Non-Metro,60621.00,1,56,38,61501.14
525,Tier 2,Manager,Metro,53839.00,4,67,42,100719.01
526,Tier 2,Executive,Non-Metro,59229.00,3,85,18,61871.80
527,Tier 3,Executive,Non-Metro,54598.00,4,42,19,74819.09
528,Tier 1,Executive,Non-Metro,51247.00,4,73,51,71395.15
529,Tier 1,Executive,Metro,69245.00,1,46,46,76576.50
530,Tier 1,Executive,Metro,45520.00,2,75,18,59940.20
531,Tier 2,Manager,Metro,65606.00,1,35,57,101280.17
532,Tier 1,Executive,Non-Metro,59206.00,2,63,62,73927.15
533,Tier 2,Executive,Metro,50418.00,4,84,59,82172.24
534,Tier 2,Executive,Metro,62251.00,2,56,37,80040.49
535,Tier 2,Executive,Metro,67078.00,3,62,64,81452.04
536,Tier 1,Executive,Metro,56981.00,1,35,38,68630.86
537,Tier 1,Executive,Non-Metro,64976.00,2,68,33,79118.64
538,Tier 1,Executive,Non-Metro,59392.00,2,80,46,77197.29
539,Tier 2,Executive,Non-Metro,52617.00,1,75,46,70505.65
540,Tier 2,Executive,Metro,51484.00,3,51,53,87095.67
541,Tier 1,Executive,Non-Metro,62724.00,1,81,34,61484.31
542,Tier 2,Executive,Non-Metro,57844.00,2,42,20,65493.39
543,Tier 2,Executive,Non-Metro,58479.00,1,62,63,74974.14
544,Tier 2,Manager,Non-Metro,73856.00,1,75,54,121362.73
545,Tier 3,Executive,Metro,60126.00,1,44,54,66575.29
546,Tier 3,Manager,Metro,49947.00,2,56,49,85975.90
547,Tier 1,Executive,Metro,63402.00,1,44,28,67244.50
548,Tier 1,Executive,Non-Metro,66956.00,4,59,54,69163.02
549,Tier 1,Executive,Non-Metro,50975.00,2,65,25,63470.60
550,Tier 2,Manager,Non-Metro,70528.00,2,46,43,103308.60
551,Tier 1,Executive,Metro,58773.00,3,39,63,78733.50
552,Tier 2,Executive,Non-Metro,52160.00,3,40,32,59944.47
553,Tier 1,Executive,Metro,46289.00,4,85,62,80727.84
554,Tier 3,Executive,Non-Metro,60421.00,1,65,52,69957.72
555,Tier 1,Executive,Non-Metro,65688.00,1,48,25,86779.90
556,Tier 1,Executive,Metro,44223.00,1,73,28,60276.99
557,Tier 1,Executive,Metro,57888.00,1,79,46,69644.59
558,Tier 2,Executive,Metro,61457.00,2,37,34,62905.33
559,Tier 3,Manager,Non-Metro,55713.00,1,53,35,91461.53
560,Tier 3,Executive,Metro,56519.00,1,64,19,68107.12
561,Tier 3,Executive,Non-Metro,46264.00,3,52,46,59944.19
562,Tier 1,Executive,Non-Metro,61984.00,1,55,54,73132.19
563,Tier 1,Executive,Metro,53585.00,4,83,27,66902.35
564,Tier 2,Executive,Metro,69993.00,2,66,50,77519.72
565,Tier 2,Executive,Non-Metro,55083.00,4,78,18,64807.83
566,Tier 3,Executive,Non-Metro,54624.00,3,40,19,64539.46
567,Tier 3,Executive,Non-Metro,69272.00,1,52,38,74082.97
568,Tier 3,Executive,Metro,54790.00,3,37,41,74176.38
569,Tier 1,Executive,Non-Metro,55440.00,1,48,49,64550.69
570,Tier 3,Manager,Metro,64558.00,3,47,48,99734.64
571,Tier 1,Executive,Non-Metro,50385.00,4,67,31,70422.32
572,Tier 2,Executive,Non-Metro,61828.00,3,42,18,68584.06
573,Tier 2,Executive,Non-Metro,71543.00,4,82,30,61366.78
574,Tier 1,Executive,Non-Metro,60757.00,3,48,62,85245.01
575,Tier 1,Executive,Non-Metro,64225.00,4,43,57,80470.64
576,Tier 3,Executive,Non-Metro,55470.00,3,36,58,68557.78
577,Tier 2,Executive,Metro,47049.00,4,65,22,57010.86
578,Tier 1,Manager,Non-Metro,59101.00,3,56,31,113843.16
579,Tier 1,Executive,Metro,55453.00,3,67,52,71105.71
580,Tier 1,Executive,Non-Metro,44848.00,3,41,25,65897.67
581,Tier 1,Executive,Metro,48183.00,4,35,59,73716.85
582,Tier 3,Executive,Metro,52782.00,1,56,19,62989.38
583,Tier 2,Executive,Metro,69431.00,1,49,39,66323.22
584,Tier 2,Executive,Non-Metro,51589.00,4,41,32,78048.35
585,Tier 1,Executive,Metro,48860.00,4,67,19,65236.18
586,Tier 2,Executive,Non-Metro,50087.00,1,82,33,59009.52
587,Tier 1,Executive,Metro,49047.00,3,40,21,74563.83
588,Tier 3,Manager,Non-Metro,56231.00,1,74,34,92698.56
589,Tier 1,Executive,Non-Metro,61046.00,4,60,61,77981.88
590,Tier 2,Executive,Non-Metro,57851.00,1,79,38,61211.79
591,Tier 1,Executive,Non-Metro,57087.00,4,57,58,78324.59
592,Tier 3,Executive,Metro,48844.00,2,78,47,70576.11
593,Tier 2,Executive,Metro,51214.00,2,54,20,59565.94
594,Tier 1,Manager,Non-Metro,49750.00,4,70,21,65081.36
595,Tier 2,Executive,Metro,68145.00,3,84,41,64093.96
596,Tier 1,Executive,Non-Metro,55675.00,1,46,46,76864.52
597,Tier 2,Executive,Non-Metro,53388.00,2,61,42,70286.85
598,Tier 1,Executive,Non-Metro,57584.00,4,44,34,73572.32
599,Tier 1,Executive,Metro,56087.00,3,85,43,74611.23
600,Tier 3,Executive,Non-Metro,65165.00,1,79,52,100742.29
601,Tier 2,Executive,Non-Metro,61095.00,1,54,18,53472.60
602,Tier 3,Executive,Metro,55522.00,3,38,51,79954.36
603,Tier 1,Executive,Non-Metro,54823.00,2,64,56,78933.39
604,Tier 2,Executive,Non-Metro,62830.00,4,51,64,83153.13
605,Tier 3,Manager,Non-Metro,54550.00,1,53,19,73581.57
606,Tier 2,Executive,Non-Metro,54662.00,3,74,51,70751.48
607,Tier 1,Executive,Non-Metro,49239.00,4,45,27,63459.16
608,Tier 3,Manager,Non-Metro,53652.00,2,68,59,82182.86
609,Tier 1,Executive,Metro,50659.00,3,63,28,77372.88
610,Tier 1,Manager,Metro,59169.00,4,51,30,95875.83
611,Tier 2,Executive,Non-Metro,56043.00,1,44,47,62426.39
612,Tier 1,Executive,Non-Metro,59528.00,2,35,38,65621.21
613,Tier 1,Executive,Non-Metro,54324.00,2,74,18,65404.57
614,Tier 1,Executive,Non-Metro,40574.00,2,66,34,62314.99
615,Tier 2,Executive,Non-Metro,60511.00,4,56,20,55486.61
616,Tier 2,Manager,Non-Metro,61626.00,3,42,47,102099.91
617,Tier 1,Executive,Non-Metro,56704.00,4,73,56,77326.30
618,Tier 1,Manager,Metro,55507.00,3,68,49,81770.13
619,Tier 2,Manager,Non-Metro,63071.00,2,60,19,95369.35
620,Tier 1,Executive,Non-Metro,60356.00,4,51,55,77809.72
621,Tier 1,Executive,Metro,55650.00,4,75,30,62505.95
622,Tier 1,Manager,Metro,55291.00,3,56,37,102592.89
623,Tier 1,Executive,Non-Metro,50234.00,3,42,49,75835.34
624,Tier 1,Manager,Metro,57309.00,2,44,18,108840.13
625,Tier 3,Executive,Metro,49801.00,1,40,59,78467.44
626,Tier 3,Executive,Non-Metro,53160.00,1,46,29,62498.78
627,Tier 1,Executive,Metro,51698.00,1,67,36,82885.09
628,Tier 2,Executive,Metro,69671.00,3,36,33,67675.99
629,Tier 1,Executive,Metro,62309.00,4,61,58,87098.07
630,Tier 3,Manager,Non-Metro,62634.00,1,56,44,99438.63
631,Tier 1,Executive,Metro,64138.00,4,35,53,72864.74
632,Tier 1,Executive,Metro,51339.00,3,75,24,72905.05
633,Tier 2,Executive,Non-Metro,56337.00,3,78,29,69201.42
634,Tier 1,Executive,Metro,47655.00,2,80,40,76955.42
635,Tier 1,Executive,Metro,63372.00,3,43,51,82767.25
636,Tier 1,Executive,Metro,63512.00,3,43,64,85418.25
637,Tier 3,Executive,Non-Metro,47893.00,1,53,19,66799.89
638,Tier 1,Executive,Non-Metro,63895.00,1,80,35,83672.86
639,Tier 1,Manager,Metro,52623.00,1,47,39,80856.11
640,Tier 2,Executive,Metro,58616.00,4,38,56,70153.22
641,Tier 1,Executive,Metro,65363.00,3,79,33,73418.48
642,Tier 3,Manager,Metro,53149.00,1,71,42,84130.43
643,Tier 1,Executive,Metro,56350.00,4,37,61,83817.75
644,Tier 3,Executive,Non-Metro,57901.00,4,82,23,70462.30
645,Tier 2,Executive,Metro,56632.00,2,46,43,85006.88
646,Tier 1,Executive,Metro,53453.00,1,39,48,73023.46
647,Tier 3,Executive,Metro,53821.00,2,63,39,74467.30
648,Tier 1,Executive,Non-Metro,45986.00,4,55,40,73401.83
649,Tier 1,Executive,Metro,54357.00,3,54,18,77579.31
650,Tier 1,Executive,Non-Metro,61409.00,3,77,58,78989.16
651,Tier 2,Executive,Non-Metro,66330.00,4,44,49,68736.41
652,Tier 2,Executive,Non-Metro,64649.00,3,47,53,79999.26
653,Tier 2,Executive,Non-Metro,52136.00,4,77,48,63749.73
654,Tier 2,Executive,Non-Metro,60103.00,3,74,45,74810.66
655,Tier 2,Executive,Non-Metro,62521.00,1,70,59,77733.27
656,Tier 2,Manager,Non-Metro,49103.00,1,80,52,81128.88
657,Tier 1,Executive,Non-Metro,71328.00,1,65,26,77695.83
658,Tier 3,Executive,Metro,58953.00,4,46,27,64535.00
659,Tier 1,Executive,Non-Metro,59927.00,2,51,48,87640.58
660,Tier 1,Executive,Non-Metro,49840.00,3,37,57,69511.75
661,Tier 2,Executive,Metro,67431.00,3,46,37,66775.80
662,Tier 2,Executive,Non-Metro,45910.00,3,44,57,82368.08
663,Tier 1,Executive,Non-Metro,51683.00,3,55,32,62070.15
664,Tier 2,Executive,Metro,54298.00,4,44,18,69619.85
665,Tier 2,Manager,Non-Metro,49209.00,3,59,64,78320.21
666,Tier 2,Manager,Metro,62631.00,2,68,43,105727.87
667,Tier 1,Executive,Metro,55394.00,1,61,49,79057.81
668,Tier 3,Manager,Non-Metro,57876.00,2,39,40,99227.71
669,Tier 1,Manager,Metro,60476.00,1,85,62,113212.07
670,Tier 2,Executive,Non-Metro,53787.00,2,42,40,66886.63
671,Tier 2,Executive,Metro,59116.00,1,81,30,63752.00
672,Tier 1,Executive,Non-Metro,53671.00,2,65,29,68221.29
673,Tier 2,Executive,Metro,55289.00,2,75,36,60479.67
674,Tier 2,Executive,Non-Metro,52987.00,1,52,41,68586.40
675,Tier 2,Manager,Non-Metro,71473.00,4,84,44,92655.28
676,Tier 3,Executive,Metro,45893.00,3,70,45,66715.60
677,Tier 2,Executive,Non-Metro,63091.00,3,68,55,77143.39
678,Tier 3,Manager,Metro,56830.00,1,84,60,108471.68
679,Tier 1,Executive,Metro,64221.00,1,55,56,91904.17
680,Tier 3,Executive,Non-Metro,50761.00,2,62,49,72795.44
681,Tier 1,Executive,Non-Metro,44663.00,1,61,21,67584.07
682,Tier 1,Executive,Metro,47451.00,1,44,19,64086.37
683,Tier 1,Manager,Metro,60917.00,3,69,39,101886.28
684,Tier 3,Executive,Metro,47576.00,4,68,53,66654.11
685,Tier 1,Executive,Non-Metro,40632.00,2,61,33,71017.54
686,Tier 1,Executive,Metro,53942.00,1,44,53,79333.46
687,Tier 1,Executive,Metro,50105.00,4,74,42,76594.04
688,Tier 2,Executive,Metro,63562.00,3,41,40,79720.02
689,Tier 1,Executive,Non-Metro,49275.00,3,38,47,84809.17
690,Tier 2,Manager,Metro,52857.00,2,49,27,87581.33
691,Tier 1,Executive,Metro,52889.00,2,80,21,61991.12
692,Tier 1,Executive,Metro,63893.00,3,73,47,79299.74
693,Tier 3,Executive,Metro,58001.00,1,82,20,63021.18
694,Tier 3,Executive,Metro,48539.00,2,59,24,62387.28
695,Tier 1,Executive,Non-Metro,62261.00,4,39,27,59214.25
696,Tier 3,Executive,Non-Metro,66242.00,2,81,26,62441.32
697,Tier 1,Executive,Non-Metro,61262.00,2,82,53,91266.27
698,Tier 2,Manager,Metro,61930.00,1,76,41,96932.92
699,Tier 3,Executive,Metro,58204.00,2,82,56,69392.13
700,Tier 2,Executive,Non-Metro,66907.00,3,64,23,70599.91
701,Tier 2,Executive,Non-Metro,60810.00,4,57,21,62927.79
702,Tier 1,Executive,Non-Metro,71549.00,4,47,50,83116.21
703,Tier 2,Executive,Metro,63687.00,3,65,53,79063.48
704,Tier 3,Executive,Non-Metro,55575.00,2,76,34,66913.22
705,Tier 3,Executive,Non-Metro,51340.00,3,53,47,62978.36
706,Tier 1,Executive,Non-Metro,55989.00,1,61,33,73230.00
707,Tier 2,Manager,Non-Metro,61656.00,3,51,51,92299.77
708,Tier 3,Executive,Metro,53303.00,2,57,49,71335.91
709,Tier 1,Executive,Non-Metro,52308.00,4,46,31,75515.45
710,Tier 1,Executive,Non-Metro,50961.00,2,74,36,67015.80
711,Tier 2,Executive,Metro,64693.00,4,64,18,57202.89
712,Tier 2,Executive,Non-Metro,53444.00,3,49,50,73486.99
713,Tier 3,Executive,Non-Metro,50977.00,2,39,43,69543.95
714,Tier 1,Executive,Metro,64679.00,3,84,20,71605.72
715,Tier 1,Executive,Non-Metro,46192.00,1,45,24,61873.12
716,Tier 1,Executive,Metro,51157.00,1,74,60,86136.48
717,Tier 3,Executive,Non-Metro,50975.00,1,84,49,71254.94
718,Tier 3,Executive,Metro,44522.00,4,75,60,73051.32
719,Tier 3,Executive,Non-Metro,66466.00,4,82,51,67802.33
720,Tier 3,Executive,Non-Metro,57809.00,4,73,58,75308.28
721,Tier 1,Executive,Non-Metro,64865.00,3,37,51,68233.58
722,Tier 1,Executive,Metro,64419.00,3,54,53,76205.05
723,Tier 1,Executive,Metro,61665.00,4,85,62,77770.17
724,Tier 1,Executive,Metro,58401.00,4,48,19,65546.96
725,Tier 1,Executive,Non-Metro,56452.00,3,58,50,79834.42
726,Tier 2,Manager,Non-Metro,59079.00,4,83,30,89784.95
727,Tier 3,Executive,Metro,57178.00,1,49,41,62471.09
728,Tier 1,Manager,Non-Metro,43154.00,1,41,29,73960.70
729,Tier 1,Executive,Non-Metro,66113.00,4,78,18,62118.85
730,Tier 2,Executive,Non-Metro,61367.00,4,53,41,68783.96
731,Tier 2,Manager,Metro,50269.00,3,59,35,74956.52
732,Tier 1,Executive,Metro,49579.00,3,68,53,75501.92
733,Tier 1,Executive,Non-Metro,59535.00,1,74,24,66900.02
734,Tier 1,Executive,Non-Metro,50357.00,2,42,48,67920.60
735,Tier 1,Executive,Non-Metro,59413.00,1,66,59,84043.43
736,Tier 3,Executive,Non-Metro,62127.00,4,65,49,68574.13
737,Tier 2,Manager,Non-Metro,64762.00,1,63,37,89205.84
738,Tier 1,Executive,Metro,49361.00,3,82,26,77401.56
739,Tier 1,Manager,Metro,61256.00,2,65,23,107835.84
740,Tier 1,Manager,Metro,63258.00,2,57,29,110711.65
741,Tier 1,Executive,Metro,52271.00,3,77,45,76233.83
742,Tier 2,Manager,Metro,59081.00,3,62,27,65293.58
743,Tier 1,Manager,Metro,63947.00,4,50,53,104204.57
744,Tier 2,Executive,Non-Metro,47765.00,3,64,31,67385.21
745,Tier 3,Executive,Metro,56001.00,3,46,50,65581.33
746,Tier 3,Executive,Non-Metro,53097.00,4,75,50,59911.02
747,Tier 1,Executive,Metro,55213.00,2,55,34,82878.09
748,Tier 3,Executive,Metro,46248.00,4,38,19,57703.78
749,Tier 1,Executive,Non-Metro,64931.00,4,70,47,73093.09
750,Tier 3,Executive,Metro,52432.00,2,57,28,64475.07
751,Tier 2,Manager,Non-Metro,46681.00,1,64,37,69477.90
752,Tier 3,Executive,Metro,53992.00,3,72,21,63291.77
753,Tier 3,Executive,Metro,61431.00,4,45,64,82384.89
754,Tier 2,Executive,Non-Metro,43343.00,4,80,58,70164.12
755,Tier 1,Executive,Metro,55168.00,3,82,24,78091.05
756,Tier 1,Executive,Metro,57128.00,4,77,31,79414.18
757,Tier 1,Executive,Non-Metro,49004.00,2,73,39,75738.92
758,Tier 2,Manager,Non-Metro,55294.00,3,68,47,74594.62
759,Tier 1,Executive,Metro,60466.00,2,84,30,64052.01
760,Tier 2,Manager,Metro,68023.00,3,54,18,92851.94
761,Tier 1,Executive,Non-Metro,56831.00,2,47,22,59150.62
762,Tier 1,Executive,Metro,60909.00,3,67,23,68466.49
763,Tier 1,Manager,Metro,54744.00,4,62,33,85461.75
764,Tier 1,Executive,Metro,54660.00,3,43,27,75374.60
765,Tier 1,Executive,Non-Metro,55085.00,1,59,45,69720.35
766,Tier 3,Executive,Non-Metro,54021.00,3,60,57,74557.88
767,Tier 1,Executive,Metro,57988.00,3,67,47,80463.20
768,Tier 1,Executive,Non-Metro,53563.00,2,82,42,71950.15
769,Tier 1,Executive,Non-Metro,65041.00,3,35,64,79054.09
770,Tier 3,Executive,Non-Metro,49106.00,4,64,38,63268.59
771,Tier 1,Executive,Metro,60296.00,2,56,61,96256.60
772,Tier 1,Executive,Non-Metro,52516.00,2,55,53,68076.23
773,Tier 1,Executive,Non-Metro,62913.00,4,55,44,81307.63
774,Tier 3,Manager,Non-Metro,56259.00,2,37,19,76235.42
775,Tier 3,Executive,Metro,58635.00,2,76,41,64401.61
776,Tier 2,Executive,Metro,58393.00,2,54,51,81726.80
777,Tier 3,Executive,Metro,56343.00,3,58,40,75930.73
778,Tier 1,Executive,Metro,69103.00,3,61,45,81819.78
779,Tier 2,Executive,Metro,56302.00,2,78,35,62792.65
780,Tier 3,Executive,Metro,58682.00,4,56,53,73479.74
781,Tier 1,Manager,Metro,44755.00,4,79,30,73291.90
782,Tier 2,Executive,Metro,68087.00,2,48,18,66140.38
783,Tier 2,Executive,Metro,61111.00,3,67,51,71038.65
784,Tier 1,Manager,Non-Metro,53210.00,1,40,50,92436.86
785,Tier 2,Executive,Non-Metro,56411.00,2,56,31,62441.06
786,Tier 1,Executive,Non-Metro,49618.00,3,79,35,73044.66
787,Tier 1,Executive,Metro,59442.00,2,72,60,74787.18
788,Tier 3,Executive,Metro,61362.00,2,51,21,62090.11
789,Tier 1,Executive,Metro,42655.00,2,70,29,71426.63
790,Tier 2,Executive,Non-Metro,51003.00,4,74,62,76961.06
791,Tier 2,Executive,Non-Metro,62984.00,1,38,39,72415.05
792,Tier 1,Executive,Metro,55600.00,4,58,19,73330.78
793,Tier 1,Executive,Non-Metro,52226.00,2,61,22,64833.39
794,Tier 2,Manager,Metro,46979.00,1,66,53,75738.72
795,Tier 3,Executive,Non-Metro,59752.00,3,46,39,71427.16
796,Tier 3,Manager,Metro,49839.00,1,81,27,78089.72
797,Tier 2,Executive,Metro,68797.00,2,79,30,71340.34
798,Tier 1,Executive,Non-Metro,50705.00,3,52,30,62955.46
799,Tier 1,Executive,Non-Metro,55987.00,4,50,58,69343.89
800,Tier 1,Manager,Metro,51256.00,4,75,33,73503.98
801,Tier 2,Executive,Non-Metro,51639.00,1,69,42,60460.07
802,Tier 2,Executive,Non-Metro,59523.00,2,55,64,73467.46
803,Tier 1,Executive,Metro,46380.00,1,62,21,70752.08
804,Tier 2,Manager,Non-Metro,71123.00,4,57,18,100497.31
805,Tier 2,Executive,Metro,48611.00,4,61,23,70232.90
806,Tier 3,Executive,Non-Metro,57328.00,4,65,45,60284.58
807,Tier 3,Executive,Non-Metro,63521.00,4,82,40,82780.39
808,Tier 3,Executive,Non-Metro,57604.00,3,82,19,65275.62
809,Tier 2,Executive,Metro,59305.00,4,78,18,74275.10
810,Tier 1,Executive,Metro,47312.00,4,75,25,71026.40
811,Tier 1,Executive,Non-Metro,54513.00,3,82,46,80991.21
812,Tier 3,Executive,Non-Metro,63523.00,3,45,33,58048.12
813,Tier 2,Executive,Metro,48852.00,1,76,54,68903.48
814,Tier 1,Executive,Metro,44096.00,3,60,28,79412.82
815,Tier 2,Executive,Metro,58892.00,2,79,36,65165.86
816,Tier 2,Executive,Non-Metro,54118.00,2,50,20,56178.11
817,Tier 3,Executive,Non-Metro,44960.00,4,42,24,61624.90
818,Tier 1,Executive,Metro,58422.00,2,54,23,75585.98
819,Tier 1,Manager,Non-Metro,49329.00,4,46,47,85420.69
820,Tier 3,Manager,Non-Metro,59455.00,4,43,33,112797.03
821,Tier 1,Executive,Metro,62637.00,2,65,45,69816.63
822,Tier 3,Executive,Metro,45637.00,4,37,26,70626.09
823,Tier 2,Executive,Non-Metro,59481.00,4,77,18,64189.89
824,Tier 2,Executive,Non-Metro,57100.00,2,54,44,65875.31
825,Tier 3,Executive,Metro,49702.00,2,85,60,76284.19
826,Tier 1,Executive,Non-Metro,54415.00,3,75,64,73791.08
827,Tier 2,Manager,Metro,52110.00,1,67,56,98530.39
828,Tier 1,Manager,Metro,49570.00,4,72,36,83977.24
829,Tier 1,Manager,Metro,60301.00,3,66,41,100861.51
830,Tier 3,Executive,Metro,43612.00,3,48,39,71010.86
831,Tier 1,Executive,Metro,59933.00,3,77,63,80641.20
832,Tier 3,Executive,Non-Metro,53563.00,3,69,36,55882.26
833,Tier 3,Executive,Non-Metro,50705.00,3,74,28,55436.85
834,Tier 3,Executive,Metro,56493.00,1,73,58,74613.30
835,Tier 3,Executive,Metro,61040.00,3,54,36,78423.94
836,Tier 2,Executive,Metro,58049.00,2,51,42,65084.43
837,Tier 1,Executive,Metro,54506.00,2,65,36,68699.58
838,Tier 1,Executive,Non-Metro,55502.00,1,47,56,81558.03
839,Tier 1,Executive,Non-Metro,43496.00,1,57,35,59786.34
840,Tier 3,Executive,Non-Metro,55109.00,2,68,59,62624.16
841,Tier 1,Executive,Metro,52417.00,3,73,21,72336.45
842,Tier 1,Executive,Metro,48990.00,4,83,59,79310.37
843,Tier 2,Manager,Non-Metro,62458.00,2,66,23,84342.95
844,Tier 2,Manager,Non-Metro,50520.00,1,80,57,77117.50
845,Tier 1,Executive,Metro,59420.00,2,46,53,76789.76
846,Tier 2,Manager,Non-Metro,62279.00,1,84,60,105013.72
847,Tier 1,Executive,Non-Metro,63285.00,2,62,51,86109.93
848,Tier 2,Executive,Metro,71756.00,4,67,23,72141.43
849,Tier 1,Executive,Non-Metro,44682.00,4,44,27,62625.75
850,Tier 3,Executive,Metro,57576.00,2,43,55,79029.75
851,Tier 1,Manager,Non-Metro,58364.00,2,74,37,94112.48
852,Tier 3,Executive,Metro,58625.00,1,63,61,85704.69
853,Tier 1,Manager,Non-Metro,60754.00,2,65,46,110450.43
854,Tier 1,Executive,Non-Metro,52462.00,3,57,53,74631.46
855,Tier 1,Manager,Non-Metro,52402.00,3,65,49,74672.78
856,Tier 1,Executive,Non-Metro,53334.00,1,77,20,72656.08
857,Tier 2,Manager,Non-Metro,62455.00,4,60,48,102188.48
858,Tier 3,Manager,Metro,52388.00,2,40,25,81777.60
859,Tier 2,Executive,Non-Metro,52322.00,1,49,25,76563.41
860,Tier 1,Executive,Metro,52235.00,3,36,57,87812.20
861,Tier 1,Manager,Non-Metro,75785.00,4,63,37,110338.25
862,Tier 1,Executive,Non-Metro,49974.00,2,77,38,60572.12
863,Tier 3,Executive,Non-Metro,56950.00,4,44,55,64365.88
864,Tier 1,Executive,Non-Metro,45321.00,1,65,36,64269.18
865,Tier 1,Executive,Metro,47794.00,2,50,51,70541.87
866,Tier 1,Executive,Metro,53920.00,2,60,40,73208.38
867,Tier 2,Executive,Metro,62728.00,4,71,18,65436.75
868,Tier 1,Executive,Metro,65633.00,3,56,57,73353.22
869,Tier 1,Executive,Metro,47254.00,4,83,61,83867.16
870,Tier 1,Executive,Non-Metro,44699.00,3,75,25,57799.66
871,Tier 1,Executive,Metro,59813.00,1,79,50,82305.51
872,Tier 2,Executive,Non-Metro,54051.00,2,40,26,65478.95
873,Tier 2,Executive,Metro,47027.00,3,71,42,74077.19
874,Tier 1,Executive,Metro,50329.00,4,64,43,70299.70
875,Tier 1,Executive,Metro,42581.00,4,62,44,75358.79
876,Tier 3,Executive,Non-Metro,55895.00,4,40,23,61970.76
877,Tier 1,Executive,Non-Metro,49123.00,4,53,49,93648.47
878,Tier 2,Executive,Metro,62570.00,3,61,33,76271.87
879,Tier 1,Executive,Metro,58546.00,4,56,41,79412.09
880,Tier 1,Executive,Non-Metro,56740.00,1,49,37,76894.94
881,Tier 1,Executive,Metro,54979.00,4,72,22,65489.23
882,Tier 3,Executive,Metro,47472.00,2,77,23,60817.97
883,Tier 1,Executive,Non-Metro,44468.00,2,85,21,69857.81
884,Tier 1,Manager,Non-Metro,64930.00,1,66,51,114939.65
885,Tier 3,Executive,Metro,54374.00,3,46,25,70244.25
886,Tier 2,Manager,Metro,56541.00,2,55,32,83707.39
887,Tier 1,Manager,Metro,57679.00,4,70,57,87477.23
888,Tier 3,Executive,Non-Metro,54712.00,1,49,36,64010.16
889,Tier 1,Executive,Metro,63180.00,2,63,22,82469.16
890,Tier 3,Executive,Metro,60270.00,4,69,57,70126.63
891,Tier 3,Manager,Non-Metro,47495.00,4,38,64,80020.81
892,Tier 2,Executive,Non-Metro,55139.00,3,45,36,72854.07
893,Tier 1,Executive,Metro,51735.00,3,61,54,66678.16
894,Tier 2,Manager,Metro,61650.00,3,51,47,106083.08
895,Tier 1,Executive,Metro,58586.00,3,39,62,75871.39
896,Tier 1,Executive,Non-Metro,66002.00,1,83,61,74820.02
897,Tier 1,Manager,Non-Metro,47266.00,1,61,43,84114.74
898,Tier 3,Executive,Metro,47405.00,2,55,19,68346.92
899,Tier 2,Executive,Non-Metro,64420.00,3,65,18,58213.89
900,Tier 3,Executive,Non-Metro,43863.00,2,72,19,61926.91
901,Tier 1,Executive,Metro,43788.00,4,85,49,67487.61
902,Tier 2,Manager,Metro,63425.00,4,38,60,101535.38
903,Tier 1,Executive,Metro,54728.00,3,37,26,63450.60
904,Tier 2,Executive,Metro,57972.00,3,41,49,72940.89
905,Tier 1,Executive,Non-Metro,63978.00,3,46,60,82356.56
906,Tier 1,Executive,Non-Metro,57607.00,4,65,26,67500.35
907,Tier 1,Executive,Metro,60357.00,3,36,27,72642.89
908,Tier 2,Executive,Non-Metro,57009.00,3,51,44,70973.39
909,Tier 1,Executive,Metro,65649.00,3,42,63,84786.24
910,Tier 1,Manager,Non-Metro,47419.00,2,50,32,77614.88
911,Tier 3,Executive,Metro,55922.00,2,77,22,71337.37
912,Tier 1,Manager,Metro,61427.00,2,41,18,87870.75
913,Tier 3,Executive,Non-Metro,55640.00,3,42,59,70233.93
914,Tier 1,Executive,Non-Metro,55241.00,4,79,44,76125.83
915,Tier 3,Executive,Metro,48676.00,1,58,33,61726.27
916,Tier 2,Executive,Non-Metro,58164.00,4,53,24,64801.96
917,Tier 3,Manager,Non-Metro,56740.00,4,77,43,78680.21
918,Tier 1,Manager,Metro,45505.00,3,57,45,99918.30
919,Tier 1,Executive,Non-Metro,48360.00,3,41,61,74265.40
920,Tier 2,Executive,Non-Metro,55929.00,1,80,35,59047.34
921,Tier 1,Executive,Non-Metro,53493.00,4,53,62,80458.58
922,Tier 1,Executive,Non-Metro,61004.00,1,35,62,80531.42
923,Tier 1,Executive,Metro,56939.00,3,75,38,75515.74
924,Tier 3,Executive,Metro,57954.00,1,71,34,68438.25
925,Tier 1,Executive,Metro,49897.00,4,51,43,70647.33
926,Tier 1,Executive,Metro,58645.00,3,41,50,98335.39
927,Tier 1,Executive,Non-Metro,50229.00,2,41,19,67718.50
928,Tier 1,Executive,Non-Metro,45588.00,2,81,57,66422.09
929,Tier 2,Executive,Non-Metro,66693.00,1,76,62,66501.14
930,Tier 2,Executive,Metro,62665.00,4,37,41,78535.73
931,Tier 2,Executive,Metro,69083.00,2,83,26,76813.50
932,Tier 1,Executive,Non-Metro,54377.00,3,62,39,68986.80
933,Tier 1,Executive,Metro,55776.00,3,82,46,81036.78
934,Tier 1,Executive,Non-Metro,64803.00,4,41,45,77615.87
935,Tier 2,Executive,Metro,63553.00,2,44,32,74583.85
936,Tier 1,Executive,Non-Metro,50259.00,3,51,59,64959.88
937,Tier 1,Executive,Metro,54908.00,4,73,44,94707.74
938,Tier 3,Executive,Non-Metro,45698.00,1,78,39,67433.00
939,Tier 2,Executive,Metro,49782.00,4,52,18,68119.11
940,Tier 2,Executive,Metro,57965.00,2,55,53,63691.22
941,Tier 2,Executive,Metro,47177.00,4,82,18,59812.41
942,Tier 2,Executive,Non-Metro,72319.00,1,51,50,63538.43
943,Tier 1,Executive,Non-Metro,67969.00,2,40,18,77435.20
944,Tier 3,Executive,Metro,45487.00,3,37,19,68015.59
945,Tier 2,Executive,Metro,64010.00,1,46,62,78249.35
946,Tier 1,Executive,Non-Metro,59227.00,2,47,56,76488.51
947,Tier 1,Executive,Metro,56738.00,3,49,42,68689.90
948,Tier 1,Manager,Metro,62898.00,3,60,37,112310.50
949,Tier 3,Executive,Metro,59175.00,2,82,42,71663.53
950,Tier 1,Manager,Metro,57608.00,2,49,25,78713.91
951,Tier 1,Executive,Metro,42804.00,2,37,57,74893.91
952,Tier 2,Manager,Metro,65482.00,3,39,51,106633.64
953,Tier 3,Executive,Non-Metro,57042.00,4,42,30,60644.12
954,Tier 1,Manager,Metro,56350.00,2,74,44,104154.81
955,Tier 3,Manager,Metro,50451.00,1,56,34,74128.76
956,Tier 2,Executive,Metro,62759.00,3,37,31,69951.41
957,Tier 2,Manager,Metro,59683.00,1,81,54,97523.10
958,Tier 3,Executive,Metro,47381.00,1,48,24,73987.04
959,Tier 1,Manager,Metro,63504.00,4,84,43,105528.87
960,Tier 3,Executive,Metro,57127.00,4,61,48,99276.61
961,Tier 3,Executive,Non-Metro,64290.00,1,66,19,60547.58
962,Tier 1,Executive,Non-Metro,54212.00,4,38,29,68571.40
963,Tier 2,Executive,Non-Metro,59576.00,1,62,63,69043.09
964,Tier 1,Executive,Metro,48175.00,3,49,46,77795.84
965,Tier 3,Executive,Metro,63797.00,2,37,52,86647.26
966,Tier 1,Executive,Metro,48682.00,1,85,35,63554.03
967,Tier 3,Manager,Metro,46558.00,3,80,51,80430.97
968,Tier 3,Executive,Metro,48690.00,2,72,44,72842.01
969,Tier 1,Executive,Metro,54340.00,2,53,21,65228.80
970,Tier 2,Executive,Non-Metro,63711.00,1,73,39,65032.62
971,Tier 2,Executive,Non-Metro,49427.00,3,40,50,67402.38
972,Tier 1,Executive,Non-Metro,44122.00,4,85,34,69206.59
973,Tier 3,Executive,Non-Metro,45932.00,1,84,22,55399.38
974,Tier 1,Executive,Non-Metro,69670.00,2,62,19,64748.93
975,Tier 2,Executive,Metro,65207.00,4,61,26,67929.18
976,Tier 1,Manager,Metro,45354.00,3,72,29,74793.11
977,Tier 2,Executive,Metro,67339.00,1,37,48,69262.14
978,Tier 2,Executive,Metro,54440.00,1,53,26,61913.04
979,Tier 1,Executive,Non-Metro,63423.00,2,54,45,70907.55
980,Tier 2,Executive,Non-Metro,55621.00,1,57,36,63331.00
981,Tier 1,Executive,Metro,46432.00,3,61,54,102860.45
982,Tier 1,Executive,Metro,49513.00,1,84,34,69525.33
983,Tier 1,Manager,Metro,52918.00,4,61,31,82323.34
984,Tier 1,Executive,Non-Metro,51609.00,4,72,27,69498.18
985,Tier 1,Executive,Metro,58698.00,1,42,20,75139.44
986,Tier 1,Executive,Non-Metro,49215.00,1,35,44,66596.56
987,Tier 3,Executive,Metro,50665.00,3,42,43,66304.02
988,Tier 3,Executive,Non-Metro,49942.00,2,57,45,92925.38
989,Tier 1,Executive,Metro,59353.00,1,75,34,69939.63
990,Tier 1,Manager,Non-Metro,42342.00,2,37,24,70469.63
991,Tier 1,Executive,Non-Metro,43714.00,4,79,26,59175.73
992,Tier 1,Executive,Non-Metro,55163.00,4,67,38,79945.54
993,Tier 1,Executive,Non-Metro,52938.00,2,55,50,76461.93
994,Tier 2,Executive,Metro,55938.00,3,63,38,74774.90
995,Tier 3,Manager,Non-Metro,40365.00,3,54,27,68402.56
996,Tier 1,Executive,Non-Metro,51564.00,4,37,39,68158.59
997,Tier 1,Executive,Non-Metro,58789.00,3,73,39,78067.29
998,Tier 2,Executive,Non-Metro,58063.00,2,63,63,77986.30
999,Tier 1,Executive,Non-Metro,56799.00,2,56,33,62165.11
1000,Tier 3,Executive,Non-Metro,53629.00,4,68,36,69648.90
1001,Tier 3,Manager,Metro,45294.00,4,45,30,70944.17
1002,Tier 1,Manager,Metro,58036.00,2,83,24,92011.57
1003,Tier 1,Executive,Metro,54669.00,2,39,24,66673.19
1004,Tier 1,Executive,Metro,50452.00,3,42,48,91483.53
1005,Tier 1,Executive,Metro,45684.00,3,46,47,78841.27
1006,Tier 3,Executive,Metro,53872.00,4,56,29,70996.88
1007,Tier 1,Executive,Metro,53529.00,1,79,28,77430.40
1008,Tier 3,Manager,Metro,57125.00,2,81,47,89234.87
1009,Tier 1,Executive,Metro,45486.00,1,48,25,81681.11
1010,Tier 1,Executive,Metro,53134.00,2,68,51,80317.29
1011,Tier 1,Executive,Non-Metro,49260.00,4,78,48,76586.37
1012,Tier 2,Manager,Metro,49044.00,2,61,43,80955.45
1013,Tier 2,Executive,Non-Metro,60235.00,4,46,61,91425.96
1014,Tier 3,Executive,Metro,60813.00,3,65,48,67755.37
1015,Tier 1,Executive,Non-Metro,54218.00,4,42,38,74513.30
1016,Tier 3,Executive,Metro,50083.00,4,72,59,65942.45
1017,Tier 3,Executive,Non-Metro,44912.00,2,67,19,64200.50
1018,Tier 1,Executive,Non-Metro,57851.00,1,83,26,60930.67
1019,Tier 3,Executive,Non-Metro,57569.00,2,42,54,68285.69
1020,Tier 3,Executive,Non-Metro,58670.00,1,43,21,76976.49
1021,Tier 1,Executive,Metro,60290.00,1,53,51,81962.82
1022,Tier 2,Manager,Non-Metro,54753.00,1,61,22,91972.51
1023,Tier 2,Manager,Metro,65622.00,1,39,47,101451.11
1024,Tier 2,Executive,Metro,46183.00,2,52,18,67435.46
1025,Tier 2,Executive,Non-Metro,72661.00,3,74,47,70238.70
1026,Tier 1,Executive,Non-Metro,58601.00,1,75,21,66538.09
1027,Tier 3,Manager,Metro,53160.00,1,48,19,73791.03
1028,Tier 3,Executive,Metro,44074.00,1,67,23,85688.22
1029,Tier 1,Executive,Metro,57795.00,1,43,54,83521.22
1030,Tier 1,Executive,Non-Metro,42750.00,2,76,37,71368.60
1031,Tier 3,Manager,Non-Metro,52091.00,2,53,46,72988.21
1032,Tier 2,Manager,Non-Metro,56729.00,4,81,55,92360.49
1033,Tier 1,Executive,Non-Metro,49998.00,2,35,30,60154.54
1034,Tier 1,Manager,Metro,45634.00,3,71,18,77400.43
1035,Tier 3,Executive,Metro,59128.00,1,56,61,85083.58
1036,Tier 1,Executive,Non-Metro,47026.00,4,71,54,71084.32
1037,Tier 2,Manager,Metro,60268.00,3,78,22,86904.45
1038,Tier 3,Manager,Non-Metro,57970.00,4,44,45,100715.13
1039,Tier 1,Executive,Metro,55204.00,3,83,22,70290.10
1040,Tier 3,Executive,Metro,48698.00,1,51,19,78933.47
1041,Tier 3,Manager,Non-Metro,48779.00,1,79,35,69632.11
1042,Tier 1,Executive,Metro,51224.00,2,84,18,62549.33
1043,Tier 1,Manager,Metro,58035.00,1,64,20,86581.05
1044,Tier 1,Executive,Non-Metro,46857.00,2,39,28,59126.22
1045,Tier 1,Executive,Metro,57928.00,3,58,55,70711.33
1046,Tier 3,Manager,Non-Metro,48975.00,4,56,43,77684.11
1047,Tier 1,Executive,Non-Metro,46945.00,4,53,43,63095.42
1048,Tier 2,Manager,Metro,73214.00,4,57,22,100119.53
1049,Tier 3,Executive,Non-Metro,48934.00,3,73,25,58063.01
1050,Tier 1,Manager,Metro,59776.00,1,48,49,103831.72
1051,Tier 3,Executive,Non-Metro,65198.00,4,55,44,60870.90
1052,Tier 1,Executive,Metro,55202.00,1,56,64,74959.86
1053,Tier 1,Executive,Metro,54972.00,1,85,49,78075.42
1054,Tier 1,Manager,Metro,56927.00,2,79,47,93102.25
1055,Tier 3,Executive,Non-Metro,46207.00,3,71,27,60878.73
1056,Tier 3,Executive,Metro,54594.00,2,50,55,72363.85
1057,Tier 1,Executive,Non-Metro,55117.00,2,59,48,72943.17
1058,Tier 2,Executive,Non-Metro,53985.00,2,45,45,69523.02
1059,Tier 2,Executive,Non-Metro,61926.00,2,46,24,63313.76
1060,Tier 3,Executive,Metro,56184.00,4,58,32,66697.47
1061,Tier 2,Executive,Metro,56101.00,3,62,24,59041.08
1062,Tier 2,Executive,Metro,52401.00,3,48,57,73990.76
1063,Tier 2,Manager,Metro,61410.00,4,83,59,102928.71
1064,Tier 3,Executive,Metro,48638.00,1,54,36,68374.75
1065,Tier 1,Executive,Non-Metro,47527.00,2,77,29,58336.54
1066,Tier 1,Executive,Non-Metro,45405.00,1,78,42,73800.36
1067,Tier 2,Executive,Metro,62532.00,4,70,48,65021.82
1068,Tier 1,Executive,Metro,71760.00,4,40,39,71187.52
1069,Tier 3,Executive,Metro,46342.00,3,42,63,78936.19
1070,Tier 2,Executive,Non-Metro,53031.00,4,68,54,64318.12
1071,Tier 2,Manager,Metro,61439.00,2,56,37,101788.38
1072,Tier 1,Executive,Metro,55130.00,4,54,63,76329.43
1073,Tier 3,Executive,Metro,60214.00,3,59,21,62418.98
1074,Tier 1,Executive,Non-Metro,52854.00,4,52,54,76868.81
1075,Tier 1,Executive,Non-Metro,38765.00,4,72,60,80489.55
1076,Tier 2,Executive,Non-Metro,56405.00,4,71,32,60035.10
1077,Tier 1,Executive,Non-Metro,58805.00,1,36,47,74280.30
1078,Tier 1,Executive,Metro,52168.00,2,40,21,70571.96
1079,Tier 2,Manager,Metro,59767.00,2,37,28,98977.14
1080,Tier 2,Executive,Metro,54644.00,2,40,63,74059.06
1081,Tier 2,Executive,Metro,49891.00,4,75,18,66862.46
1082,Tier 3,Executive,Metro,49405.00,2,76,32,62673.14
1083,Tier 3,Executive,Metro,46596.00,1,49,38,61931.25
1084,Tier 1,Executive,Metro,55954.00,1,67,32,75850.13
1085,Tier 3,Executive,Non-Metro,53647.00,4,64,62,74474.82
1086,Tier 1,Manager,Non-Metro,42415.00,3,65,39,77673.62
1087,Tier 1,Executive,Metro,50550.00,3,78,55,79909.33
1088,Tier 3,Executive,Metro,51700.00,1,37,57,81569.98
1089,Tier 2,Executive,Metro,76815.00,4,75,52,82684.17
1090,Tier 1,Executive,Metro,42916.00,2,66,56,77490.53
1091,Tier 2,Manager,Metro,60526.00,2,51,47,89985.17
1092,Tier 1,Executive,Non-Metro,50140.00,2,42,55,77386.51
1093,Tier 1,Executive,Metro,53962.00,1,58,23,79568.27
1094,Tier 3,Manager,Non-Metro,60155.00,1,64,22,90213.45
1095,Tier 1,Executive,Non-Metro,55621.00,2,51,50,71706.60
1096,Tier 1,Executive,Non-Metro,52670.00,3,76,18,65619.70
1097,Tier 1,Manager,Non-Metro,61692.00,4,53,51,110792.78
1098,Tier 2,Executive,Metro,55209.00,1,84,22,62356.93
1099,Tier 1,Executive,Non-Metro,57955.00,2,55,52,76674.92
1100,Tier 2,Executive,Non-Metro,55133.00,3,68,25,67971.72
1101,Tier 1,Manager,Non-Metro,45664.00,3,39,33,69528.36
1102,Tier 1,Executive,Metro,49258.00,3,37,53,82986.23
1103,Tier 2,Executive,Metro,67454.00,2,84,29,69643.69
1104,Tier 2,Executive,Metro,65689.00,3,36,58,80505.46
1105,Tier 1,Executive,Metro,58428.00,3,65,37,80805.33
1106,Tier 2,Executive,Non-Metro,56828.00,4,48,54,71673.46
1107,Tier 3,Executive,Non-Metro,58460.00,2,41,49,72681.75
1108,Tier 3,Executive,Non-Metro,50281.00,3,51,50,63263.77
1109,Tier 1,Executive,Metro,54657.00,1,71,26,65020.47
1110,Tier 2,Executive,Metro,47867.00,4,39,45,76955.95
1111,Tier 1,Executive,Non-Metro,57924.00,1,43,54,73395.49
1112,Tier 2,Manager,Metro,58912.00,3,85,38,103944.32
1113,Tier 2,Manager,Non-Metro,52752.00,3,35,48,72549.47
1114,Tier 3,Executive,Non-Metro,49279.00,1,76,28,59191.67
1115,Tier 1,Executive,Metro,52642.00,1,85,23,66869.52
1116,Tier 2,Executive,Metro,60253.00,3,58,55,69106.06
1117,Tier 1,Executive,Metro,57597.00,2,52,41,68679.91
1118,Tier 2,Manager,Metro,56103.00,1,66,25,95083.43
1119,Tier 2,Manager,Metro,65653.00,4,49,33,94368.83
1120,Tier 3,Executive,Non-Metro,49231.00,1,49,30,63816.55
1121,Tier 1,Manager,Non-Metro,58772.00,4,56,23,93127.08
1122,Tier 2,Executive,Metro,65684.00,2,79,46,65882.77
1123,Tier 3,Manager,Non-Metro,63609.00,1,47,53,109221.39
1124,Tier 1,Executive,Non-Metro,56990.00,3,58,27,86557.85
1125,Tier 1,Manager,Non-Metro,67772.00,1,38,23,90785.90
1126,Tier 3,Executive,Non-Metro,49925.00,4,64,63,64951.65
1127,Tier 1,Executive,Metro,58284.00,1,40,55,79183.24
1128,Tier 2,Executive,Non-Metro,63979.00,4,42,35,67563.06
1129,Tier 1,Executive,Metro,55342.00,2,63,34,80572.82
1130,Tier 1,Executive,Non-Metro,47766.00,1,82,19,67185.00
1131,Tier 2,Executive,Non-Metro,51176.00,1,58,39,59186.89
1132,Tier 1,Executive,Metro,74256.00,2,40,27,83023.18
1133,Tier 1,Executive,Metro,68071.00,3,85,57,88690.87
1134,Tier 3,Executive,Non-Metro,43991.00,3,63,52,65742.89
1135,Tier 3,Executive,Metro,56932.00,3,60,28,76261.61
1136,Tier 3,Executive,Non-Metro,56426.00,1,70,50,67726.88
1137,Tier 1,Executive,Non-Metro,54155.00,3,70,44,78630.03
1138,Tier 3,Executive,Non-Metro,43851.00,1,65,26,54865.59
1139,Tier 2,Executive,Metro,56122.00,1,54,33,64557.84
1140,Tier 3,Manager,Non-Metro,55131.00,2,42,19,93178.19
1141,Tier 2,Executive,Metro,57751.00,1,48,50,78378.46
1142,Tier 1,Executive,Non-Metro,58653.00,4,66,41,80073.57
1143,Tier 2,Executive,Non-Metro,49004.00,1,69,52,89751.35
1144,Tier 2,Executive,Metro,56930.00,3,74,39,66943.47
1145,Tier 1,Executive,Metro,54247.00,1,49,50,85719.27
1146,Tier 3,Executive,Metro,58582.00,1,68,52,71322.55
1147,Tier 1,Manager,Metro,61709.00,4,39,60,117207.24
1148,Tier 3,Executive,Non-Metro,58409.00,4,37,20,56691.33
1149,Tier 1,Executive,Metro,49158.00,1,54,55,85505.19
1150,Tier 1,Executive,Metro,63379.00,3,58,42,69885.18
1151,Tier 1,Executive,Non-Metro,56008.00,2,68,18,64849.34
1152,Tier 3,Executive,Non-Metro,60357.00,3,46,58,80065.96
1153,Tier 2,Manager,Non-Metro,55592.00,4,79,43,93020.09
1154,Tier 3,Executive,Non-Metro,56240.00,3,61,35,68760.12
1155,Tier 3,Executive,Non-Metro,51556.00,4,84,48,70431.03
1156,Tier 1,Executive,Non-Metro,49213.00,1,82,36,68388.95
1157,Tier 2,Manager,Metro,65184.00,4,82,19,99052.84
1158,Tier 3,Executive,Non-Metro,45171.00,3,52,23,67097.18
1159,Tier 1,Executive,Non-Metro,57913.00,2,83,20,55293.75
1160,Tier 1,Executive,Non-Metro,61365.00,4,78,32,63147.41
1161,Tier 3,Executive,Non-Metro,58243.00,1,66,43,61544.46
1162,Tier 2,Executive,Metro,66309.00,1,75,34,64938.37
1163,Tier 2,Executive,Metro,64922.00,2,51,30,90181.89
1164,Tier 1,Executive,Non-Metro,56749.00,1,37,18,61767.79
1165,Tier 3,Executive,Non-Metro,53798.00,2,44,41,70241.22
1166,Tier 1,Executive,Non-Metro,46468.00,1,74,35,70966.30
1167,Tier 2,Executive,Metro,65405.00,4,45,57,78163.11
1168,Tier 1,Executive,Non-Metro,54254.00,2,60,29,61216.81
1169,Tier 1,Executive,Metro,62951.00,3,50,32,74365.36
1170,Tier 3,Executive,Non-Metro,64066.00,4,64,37,69326.09
1171,Tier 1,Manager,Metro,51461.00,3,74,18,72709.86
1172,Tier 1,Manager,Non-Metro,49699.00,3,84,43,78721.30
1173,Tier 2,Executive,Non-Metro,63663.00,4,44,56,64125.56
1174,Tier 3,Executive,Metro,53866.00,3,40,38,72441.01
1175,Tier 3,Executive,Metro,55074.00,3,79,29,67749.39
1176,Tier 1,Executive,Non-Metro,50177.00,3,58,22,60864.10
1177,Tier 3,Manager,Non-Metro,50204.00,4,49,52,69110.75
1178,Tier 1,Executive,Non-Metro,54135.00,2,70,40,58680.23
1179,Tier 1,Executive,Non-Metro,63207.00,2,84,23,71112.14
1180,Tier 2,Manager,Metro,50297.00,2,39,31,67527.15
1181,Tier 1,Executive,Non-Metro,67699.00,2,81,42,80017.56
1182,Tier 3,Executive,Non-Metro,53635.00,4,61,24,66094.08
1183,Tier 1,Executive,Non-Metro,57135.00,2,62,25,61164.74
1184,Tier 1,Executive,Non-Metro,54256.00,4,83,48,68986.00
1185,Tier 2,Manager,Non-Metro,56796.00,3,81,23,78555.43
1186,Tier 1,Executive,Metro,50007.00,4,35,45,69125.34
1187,Tier 3,Manager,Metro,56229.00,3,76,20,101915.60
1188,Tier 3,Executive,Non-Metro,54621.00,2,52,62,74204.19
1189,Tier 1,Manager,Non-Metro,46454.00,2,44,43,80042.53
1190,Tier 1,Executive,Non-Metro,52886.00,2,60,23,71190.67
1191,Tier 3,Executive,Non-Metro,60025.00,2,54,31,71258.48
1192,Tier 1,Executive,Non-Metro,49743.00,4,63,41,77869.10
1193,Tier 1,Executive,Non-Metro,60429.00,1,35,58,88297.22
1194,Tier 3,Executive,Non-Metro,65477.00,2,36,48,63825.21
1195,Tier 3,Executive,Non-Metro,42093.00,3,46,31,63799.66
1196,Tier 3,Executive,Non-Metro,54529.00,1,77,19,80699.82
1197,Tier 3,Manager,Non-Metro,58513.00,3,84,19,96121.86
1198,Tier 2,Executive,Metro,58339.00,3,49,41,70172.65
1199,Tier 3,Executive,Metro,59279.00,2,52,40,73150.11
1200,Tier 1,Executive,Non-Metro,51921.00,1,35,31,73183.35
1201,Tier 3,Executive,Metro,52761.00,2,41,37,64003.57
1202,Tier 3,Executive,Metro,65318.00,3,72,46,67462.73
1203,Tier 3,Executive,Metro,57269.00,2,80,22,65914.62
1204,Tier 1,Executive,Metro,55593.00,1,82,51,74420.60
1205,Tier 2,Manager,Non-Metro,53100.00,3,59,18,78046.30
1206,Tier 3,Executive,Metro,41628.00,1,76,35,62015.95
1207,Tier 1,Executive,Non-Metro,61245.00,4,47,59,95876.25
1208,Tier 1,Manager,Metro,62568.00,2,39,36,94030.29
1209,Tier 1,Manager,Non-Metro,48402.00,4,47,37,81043.15
1210,Tier 1,Executive,Metro,58434.00,4,65,59,70821.12
1211,Tier 3,Executive,Metro,54097.00,2,37,36,76870.60
1212,Tier 2,Executive,Metro,63767.00,3,35,39,92160.40
1213,Tier 1,Executive,Metro,50441.00,1,84,18,66181.93
1214,Tier 1,Executive,Non-Metro,55296.00,4,43,52,69732.87
1215,Tier 3,Executive,Non-Metro,53330.00,4,39,27,61239.85
1216,Tier 1,Executive,Metro,66173.00,3,52,18,84956.21
1217,Tier 2,Executive,Metro,52744.00,4,80,40,67304.59
1218,Tier 2,Executive,Metro,61383.00,4,61,29,67320.63
1219,Tier 1,Manager,Non-Metro,60448.00,4,60,46,112779.40
1220,Tier 3,Executive,Non-Metro,55152.00,1,35,38,63921.31
1221,Tier 1,Executive,Non-Metro,42355.00,3,76,30,64636.87
1222,Tier 2,Executive,Metro,53884.00,1,63,40,73543.94
1223,Tier 2,Executive,Metro,49963.00,2,46,50,74265.14
1224,Tier 2,Manager,Non-Metro,53902.00,3,47,20,90466.74
1225,Tier 1,Executive,Metro,44974.00,2,61,41,62808.80
1226,Tier 2,Executive,Non-Metro,61732.00,1,66,33,60602.08
1227,Tier 1,Executive,Metro,42170.00,1,52,38,65191.42
1228,Tier 2,Executive,Metro,62831.00,3,85,42,70825.24
1229,Tier 2,Executive,Metro,57686.00,4,65,56,74778.09
1230,Tier 1,Executive,Metro,57254.00,1,70,58,71638.60
1231,Tier 3,Manager,Metro,60298.00,1,47,52,123416.99
1232,Tier 1,Manager,Non-Metro,47335.00,2,52,20,73270.92
1233,Tier 3,Executive,Non-Metro,54452.00,3,40,54,65218.69
1234,Tier 1,Executive,Metro,49086.00,4,80,58,78946.57
1235,Tier 2,Executive,Non-Metro,57475.00,4,64,45,72715.72
1236,Tier 3,Executive,Metro,60056.00,3,68,26,57304.09
1237,Tier 1,Executive,Non-Metro,42227.00,4,62,63,74288.12
1238,Tier 3,Executive,Non-Metro,51636.00,3,77,58,62720.14
1239,Tier 1,Executive,Metro,52099.00,4,49,37,66978.72
1240,Tier 2,Executive,Non-Metro,64898.00,1,65,25,53486.69
1241,Tier 2,Manager,Metro,67907.00,2,74,52,113508.80
1242,Tier 2,Manager,Metro,62908.00,4,41,64,107149.02
1243,Tier 3,Executive,Non-Metro,50268.00,4,37,22,62997.46
1244,Tier 2,Executive,Non-Metro,55183.00,2,78,28,64495.67
1245,Tier 2,Executive,Metro,61183.00,4,67,18,60461.93
1246,Tier 1,Executive,Metro,45023.00,2,39,28,65800.20
1247,Tier 1,Executive,Non-Metro,52364.00,3,77,45,65458.44
1248,Tier 1,Executive,Metro,55788.00,3,70,33,79389.33
1249,Tier 2,Executive,Non-Metro,69032.00,4,46,18,56675.95
1250,Tier 1,Manager,Metro,59439.00,1,77,32,108591.11
1251,Tier 1,Manager,Metro,53547.00,3,82,24,88400.48
1252,Tier 1,Executive,Metro,40996.00,3,37,19,74415.20
1253,Tier 1,Manager,Metro,48796.00,4,85,20,77569.74
1254,Tier 1,Executive,Non-Metro,56829.00,4,74,40,81195.86
1255,Tier 2,Executive,Non-Metro,54748.00,1,68,34,69403.41
1256,Tier 1,Executive,Non-Metro,60337.00,1,37,42,71376.42
1257,Tier 3,Executive,Non-Metro,59176.00,3,35,51,67273.98
1258,Tier 3,Executive,Non-Metro,55672.00,1,43,54,71726.71
1259,Tier 3,Executive,Metro,63448.00,2,76,55,94510.73
1260,Tier 1,Executive,Non-Metro,50429.00,2,41,52,75993.47
1261,Tier 1,Executive,Non-Metro,41989.00,4,48,32,62216.45
1262,Tier 1,Executive,Metro,63087.00,1,66,28,70052.79
1263,Tier 2,Executive,Non-Metro,50400.00,4,76,41,62229.29
1264,Tier 1,Executive,Non-Metro,50106.00,2,66,43,71532.81
1265,Tier 1,Executive,Non-Metro,59860.00,2,54,49,78562.35
1266,Tier 2,Manager,Metro,44965.00,2,77,64,83414.05
1267,Tier 1,Executive,Non-Metro,55558.00,4,68,55,66632.83
1268,Tier 1,Manager,Metro,57337.00,3,76,24,88044.35
1269,Tier 1,Executive,Non-Metro,55210.00,1,80,20,62180.74
1270,Tier 1,Executive,Metro,51416.00,1,84,45,73874.70
1271,Tier 3,Executive,Metro,55875.00,4,76,26,67488.08
1272,Tier 3,Executive,Non-Metro,58333.00,1,38,25,66935.07
1273,Tier 2,Executive,Metro,46631.00,2,56,43,69919.87
1274,Tier 2,Executive,Metro,47633.00,2,62,35,63618.80
1275,Tier 2,Manager,Metro,47460.00,4,82,26,74837.72
1276,Tier 1,Executive,Metro,50315.00,2,46,57,77795.34
1277,Tier 1,Executive,Non-Metro,54384.00,1,76,22,74948.17
1278,Tier 3,Executive,Non-Metro,59354.00,4,72,32,60200.18
1279,Tier 1,Manager,Metro,52881.00,3,57,39,87630.95
1280,Tier 3,Executive,Non-Metro,56763.00,3,38,25,58983.46
1281,Tier 2,Executive,Non-Metro,61870.00,1,42,48,65467.76
1282,Tier 3,Manager,Non-Metro,55180.00,2,73,47,79153.15
1283,Tier 1,Manager,Non-Metro,50723.00,1,59,18,80841.08
1284,Tier 2,Executive,Metro,53125.00,1,42,18,60333.57
1285,Tier 1,Manager,Metro,65519.00,3,55,61,117307.70
1286,Tier 1,Executive,Non-Metro,54005.00,1,78,47,72128.86
1287,Tier 1,Executive,Non-Metro,41862.00,2,41,28,65494.51
1288,Tier 1,Executive,Non-Metro,52694.00,1,36,36,68185.43
1289,Tier 1,Manager,Metro,66148.00,2,41,20,111739.65
1290,Tier 2,Executive,Metro,64193.00,1,78,44,75081.97
1291,Tier 1,Executive,Non-Metro,44023.00,3,53,38,62231.54
1292,Tier 1,Manager,Metro,62788.00,4,55,19,89010.90
1293,Tier 2,Executive,Metro,52880.00,1,64,21,60310.88
1294,Tier 3,Executive,Metro,47404.00,4,66,46,68071.37
1295,Tier 1,Executive,Metro,53042.00,3,83,58,84687.72
1296,Tier 1,Executive,Metro,50887.00,4,37,20,63597.09
1297,Tier 1,Executive,Metro,52604.00,3,82,18,75098.22
1298,Tier 2,Executive,Non-Metro,53239.00,4,78,28,67381.61
1299,Tier 3,Executive,Metro,51444.00,2,42,33,67500.55
1300,Tier 3,Executive,Non-Metro,54855.00,3,53,19,60631.23
1301,Tier 2,Manager,Metro,59883.00,4,40,45,119585.49
1302,Tier 3,Manager,Metro,58204.00,4,36,62,101108.86
1303,Tier 1,Executive,Non-Metro,50670.00,1,41,25,68130.72
1304,Tier 1,Manager,Metro,53045.00,3,47,43,105077.70
1305,Tier 1,Manager,Metro,47753.00,4,73,42,90597.18
1306,Tier 2,Executive,Non-Metro,49240.00,2,67,24,60020.13
1307,Tier 1,Manager,Non-Metro,47842.00,1,77,29,83103.77
1308,Tier 3,Manager,Metro,49427.00,1,82,32,86755.79
1309,Tier 1,Manager,Non-Metro,54876.00,3,82,25,90608.41
1310,Tier 1,Executive,Metro,55179.00,4,54,41,72895.67
1311,Tier 3,Executive,Metro,47650.00,2,49,42,72634.98
1312,Tier 3,Executive,Non-Metro,52669.00,2,84,33,66633.06
1313,Tier 1,Executive,Metro,64069.00,2,40,34,76812.81
1314,Tier 1,Manager,Non-Metro,56004.00,1,69,19,92433.88
1315,Tier 3,Manager,Non-Metro,46000.00,4,64,30,63148.62
1316,Tier 1,Executive,Metro,50518.00,3,75,18,82046.23
1317,Tier 1,Executive,Non-Metro,50130.00,2,40,19,54356.95
1318,Tier 2,Executive,Metro,76070.00,2,54,18,58309.56
1319,Tier 1,Executive,Metro,60495.00,3,47,35,84676.05
1320,Tier 3,Executive,Non-Metro,50935.00,2,67,39,66054.39
1321,Tier 3,Executive,Metro,60109.00,2,47,31,61396.48
1322,Tier 1,Manager,Metro,55145.00,4,38,62,82190.52
1323,Tier 2,Executive,Metro,62619.00,1,77,62,71767.67
1324,Tier 2,Manager,Non-Metro,61299.00,4,72,42,103103.64
1325,Tier 3,Executive,Metro,47058.00,4,53,31,62076.85
1326,Tier 1,Executive,Metro,59344.00,1,64,61,84601.54
1327,Tier 1,Executive,Non-Metro,61239.00,4,85,42,69545.88
1328,Tier 2,Executive,Metro,57311.00,3,54,51,66931.93
1329,Tier 1,Executive,Non-Metro,47080.00,4,66,23,84688.33
1330,Tier 1,Executive,Metro,59189.00,4,45,52,82670.85
1331,Tier 2,Executive,Non-Metro,46452.00,4,83,57,70993.97
1332,Tier 1,Executive,Non-Metro,58254.00,4,42,23,73463.16
1333,Tier 1,Executive,Non-Metro,72649.00,3,69,52,78861.46
1334,Tier 3,Executive,Metro,59661.00,4,68,50,69712.40
1335,Tier 1,Executive,Non-Metro,53714.00,1,67,18,69298.75
1336,Tier 2,Executive,Non-Metro,61957.00,1,47,18,66397.77
1337,Tier 1,Executive,Non-Metro,53203.00,3,69,21,64044.38
1338,Tier 3,Manager,Non-Metro,51820.00,1,47,61,83346.06
